implementation,instance,agents,steps,precision,variant,storage,reduction,runs,best_objective,median_objective,successes,p_batch,median_time_s,tts99_s,time_field,n_original,edges,target,median_solver_s,median_time_per_step_s,median_edge_updates_per_s,median_preprocess_s,median_reconstruction_s,median_wall_s,median_setup_s,median_evaluation_s,reduction_ratio,n_before_reduction,n_reduced,gpu_memory_bytes
dsb-gpu,WK2000_1,512,3200,fp16,gemm,dense,0,50,33337,33337,31,0.62,0.126456077,0.601861686,wall_s,2000,1999000,33337,0.0397800159,1.2431255e-05,,0,0.0007180995,0.126456077,0.03325155,0.0024105865,0,2000,2000,22447104
dsb-gpu,WK2000_1,512,3200,fp32,auto->bit,dense,0,50,33337,33337,34,0.68,0.146129276,0.590600261,wall_s,2000,1999000,33337,0.0963506394,3.01095748e-05,,0,0.0001422725,0.146129276,0.036517819,0.002445577,0,2000,2000,8966848
dsb-gpu,WK2000_1,512,3200,fp32,bit,dense,0,50,33337,33337,34,0.68,0.146137164,0.590632143,wall_s,2000,1999000,33337,0.0963505936,3.01095605e-05,,0,0.0001444165,0.146137164,0.036522331,0.002417961,0,2000,2000,8966848
dsb-gpu,WK2000_1,512,3200,fp32,block,dense,0,50,33337,33337,34,0.68,2.5019967,10.1121414,wall_s,2000,1999000,33337,2.46631835,0.000770724487,,0,0.0008016035,2.5019967,0.0193570425,0.0024722665,0,2000,2000,24204800
dsb-gpu,WK2000_1,512,3200,fp32,csr-row,csr,0,50,33337,33337,27,0.54,4.17557365,24.7630578,wall_s,2000,1999000,33337,4.15542285,0.00129856964,7.88165682e+11,0,0.0012517485,4.17557365,0.012395314,0.0024000415,0,2000,2000,42248900
dsb-gpu,WK2000_1,512,3200,fp32,gemm,dense,0,50,33337,33337,34,0.68,0.165718149,0.66977121,wall_s,2000,1999000,33337,0.0855146256,2.67233205e-05,,0,0.0008012835,0.165718149,0.019663652,0.0024031945,0,2000,2000,36591104
dsb-gpu,WK2000_1,512,3200,fp32,gemm-notf32,dense,0,50,33337,33337,34,0.68,0.433795215,1.75323915,wall_s,2000,1999000,33337,0.359790436,0.000112434511,,0,0.0008016035,0.433795215,0.019716756,0.002397946,0,2000,2000,36591104
dsb-gpu,WK2000_1,512,3200,int8,gemm,dense,0,50,33337,33337,34,0.68,0.168271887,0.680092473,wall_s,2000,1999000,33337,0.051208704,1.600272e-05,,0,0.0001502565,0.168271887,0.057505862,0.0024212265,0,2000,2000,22023104
simulated-bifurcation-2.0.0,WK2000_1,512,3200,fp32,discrete-matched,dense,0,50,33337,33308,9,0.18,0.555132566,12.8821761,wall_s,2000,1999000,33337,0.542434095,0.000169510655,,0,8.30399949e-06,0.555132566,0.000860243505,0.0119208665,0,2000,2000,
