implementation,instance,repeat,seed,n_original,n_before_reduction,n_reduced,agents,steps,precision,variant,storage,reduction,early_stopping,objective,target,success,preprocess_s,setup_s,solver_s,reconstruction_s,evaluation_s,total_s,wall_s,reduction_ratio,gpu_memory_bytes
dsb-gpu,QPLIB_3642,0,12345,1035,1036,1036,256,400,fp32,csr-block,csr,0,0,1032,1034,0,0,0.002333418,0.000957055986,5.2448e-05,0.000386562,0.00100950399,0.005203766,0,2427124
dsb-gpu,QPLIB_3642,1,12346,1035,1036,1036,256,400,fp32,csr-block,csr,0,0,1032,1034,0,0,0.002314505,0.000956351995,5.3185e-05,0.000180833,0.001009537,0.004690772,0,2427124
dsb-gpu,QPLIB_3642,2,12347,1035,1036,1036,256,400,fp32,csr-block,csr,0,0,1032,1034,0,0,0.002260233,0.000956128001,5.0017e-05,0.000171009,0.001006145,0.004775924,0,2427124
dsb-gpu,QPLIB_3642,3,12348,1035,1036,1036,256,400,fp32,csr-block,csr,0,0,1034,1034,1,0,0.002266761,0.00095571202,5.68e-05,0.000173185,0.00101251202,0.004748852,0,2427124
dsb-gpu,QPLIB_3642,4,12349,1035,1036,1036,256,400,fp32,csr-block,csr,0,0,1032,1034,0,0,0.002250185,0.000954815984,5.8592e-05,0.000169088,0.00101340798,0.004740179,0,2427124
dsb-gpu,QPLIB_3642,5,12350,1035,1036,1036,256,400,fp32,csr-block,csr,0,0,1034,1034,1,0,0.002252618,0.000954335988,4.9024e-05,0.000168801,0.00100335999,0.004672371,0,2427124
dsb-gpu,QPLIB_3642,6,12351,1035,1036,1036,256,400,fp32,csr-block,csr,0,0,1034,1034,1,0,0.002316105,0.000954400003,5.5713e-05,0.000174465,0.001010113,0.004766676,0,2427124
dsb-gpu,QPLIB_3642,7,12352,1035,1036,1036,256,400,fp32,csr-block,csr,0,0,1032,1034,0,0,0.002249321,0.000954335988,5.6256e-05,0.000173633,0.00101059199,0.004711124,0,2427124
dsb-gpu,QPLIB_3642,8,12353,1035,1036,1036,256,400,fp32,csr-block,csr,0,0,1032,1034,0,0,0.002234986,0.000954559982,5.728e-05,0.000177441,0.00101183998,0.004672883,0,2427124
dsb-gpu,QPLIB_3642,9,12354,1035,1036,1036,256,400,fp32,csr-block,csr,0,0,1032,1034,0,0,0.002242537,0.000955456018,5.5488e-05,0.000174209,0.00101094402,0.00466754,0,2427124
dsb-gpu,QPLIB_3642,10,12355,1035,1036,1036,256,400,fp32,csr-block,csr,0,0,1034,1034,1,0,0.002247594,0.000955071986,5.6128e-05,0.000174561,0.00101119999,0.004673267,0,2427124
dsb-gpu,QPLIB_3642,11,12356,1035,1036,1036,256,400,fp32,csr-block,csr,0,0,1032,1034,0,0,0.002244553,0.000955744028,5.8208e-05,0.000176449,0.00101395203,0.004665748,0,2427124
dsb-gpu,QPLIB_3642,12,12357,1035,1036,1036,256,400,fp32,csr-block,csr,0,0,1030,1034,0,0,0.002230601,0.000955327988,4.88e-05,0.000172321,0.00100412799,0.004618067,0,2427124
dsb-gpu,QPLIB_3642,13,12358,1035,1036,1036,256,400,fp32,csr-block,csr,0,0,1032,1034,0,0,0.002267753,0.000956704021,5.6192e-05,0.00017168,0.00101289602,0.004660371,0,2427124
dsb-gpu,QPLIB_3642,14,12359,1035,1036,1036,256,400,fp32,csr-block,csr,0,0,1032,1034,0,0,0.002240969,0.000956640005,5.9041e-05,0.000166945,0.00101568101,0.004660404,0,2427124
dsb-gpu,QPLIB_3642,15,12360,1035,1036,1036,256,400,fp32,csr-block,csr,0,0,1032,1034,0,0,0.002242954,0.000954976022,5.6896e-05,0.000173249,0.00101187202,0.004623699,0,2427124
dsb-gpu,QPLIB_3642,16,12361,1035,1036,1036,256,400,fp32,csr-block,csr,0,0,1032,1034,0,0,0.002256809,0.000954335988,5.6768e-05,0.000170656,0.00101110399,0.004626291,0,2427124
dsb-gpu,QPLIB_3642,17,12362,1035,1036,1036,256,400,fp32,csr-block,csr,0,0,1032,1034,0,0,0.002240969,0.000954432011,5.6449e-05,0.000175137,0.00101088101,0.004600339,0,2427124
dsb-gpu,QPLIB_3642,18,12363,1035,1036,1036,256,400,fp32,csr-block,csr,0,0,1030,1034,0,0,0.002234953,0.000954623997,5.5073e-05,0.000173857,0.001009697,0.004588371,0,2427124
dsb-gpu,QPLIB_3642,19,12364,1035,1036,1036,256,400,fp32,csr-block,csr,0,0,1032,1034,0,0,0.002249194,0.000955200016,5.6416e-05,0.000171265,0.00101161602,0.004608947,0,2427124
dsb-gpu,QPLIB_3642,20,12365,1035,1036,1036,256,400,fp32,csr-block,csr,0,0,1032,1034,0,0,0.002237577,0.000955071986,5.6128e-05,0.000175776,0.00101119999,0.004581843,0,2427124
dsb-gpu,QPLIB_3642,21,12366,1035,1036,1036,256,400,fp32,csr-block,csr,0,0,1032,1034,0,0,0.002236969,0.000954400003,5.5456e-05,0.000173249,0.001009856,0.004590259,0,2427124
dsb-gpu,QPLIB_3642,22,12367,1035,1036,1036,256,400,fp32,csr-block,csr,0,0,1034,1034,1,0,0.002266697,0.000956192017,5.9585e-05,0.000173281,0.00101577702,0.004605427,0,2427124
dsb-gpu,QPLIB_3642,23,12368,1035,1036,1036,256,400,fp32,csr-block,csr,0,0,1032,1034,0,0,0.002227114,0.000954944015,5.664e-05,0.000173921,0.00101158401,0.004595603,0,2427124
dsb-gpu,QPLIB_3642,24,12369,1035,1036,1036,256,400,fp32,csr-block,csr,0,0,1034,1034,1,0,0.002237417,0.000954527974,5.4848e-05,0.0001704,0.00100937597,0.004618067,0,2427124
dsb-gpu,QPLIB_3642,25,12370,1035,1036,1036,256,400,fp32,csr-block,csr,0,0,1032,1034,0,0,0.002243561,0.000954240024,5.5072e-05,0.000178177,0.00100931202,0.004613236,0,2427124
dsb-gpu,QPLIB_3642,26,12371,1035,1036,1036,256,400,fp32,csr-block,csr,0,0,1032,1034,0,0,0.002407786,0.000954240024,5.7312e-05,0.000172929,0.00101155202,0.004778772,0,2427124
dsb-gpu,QPLIB_3642,27,12372,1035,1036,1036,256,400,fp32,csr-block,csr,0,0,1032,1034,0,0,0.002255945,0.000954335988,5.6481e-05,0.000171457,0.00101081699,0.004635539,0,2427124
dsb-gpu,QPLIB_3642,28,12373,1035,1036,1036,256,400,fp32,csr-block,csr,0,0,1032,1034,0,0,0.002232586,0.000956095994,5.7152e-05,0.000167969,0.00101324799,0.004591571,0,2427124
dsb-gpu,QPLIB_3642,29,12374,1035,1036,1036,256,400,fp32,csr-block,csr,0,0,1032,1034,0,0,0.002243498,0.000954815984,5.808e-05,0.000168576,0.00101289598,0.004559763,0,2427124
dsb-gpu,QPLIB_3642,30,12375,1035,1036,1036,256,400,fp32,csr-block,csr,0,0,1032,1034,0,0,0.002222538,0.000954432011,5.3344e-05,0.000170209,0.00100777601,0.004526995,0,2427124
dsb-gpu,QPLIB_3642,31,12376,1035,1036,1036,256,400,fp32,csr-block,csr,0,0,1034,1034,1,0,0.002213098,0.000954559982,5.6257e-05,0.000169057,0.00101081698,0.004503923,0,2427124
dsb-gpu,QPLIB_3642,32,12377,1035,1036,1036,256,400,fp32,csr-block,csr,0,0,1032,1034,0,0,0.002232745,0.000954847991,5.6737e-05,0.000174305,0.00101158499,0.004532755,0,2427124
dsb-gpu,QPLIB_3642,33,12378,1035,1036,1036,256,400,fp32,csr-block,csr,0,0,1032,1034,0,0,0.002219753,0.000954527974,5.4144e-05,0.000175681,0.00100867197,0.004500403,0,2427124
dsb-gpu,QPLIB_3642,34,12379,1035,1036,1036,256,400,fp32,csr-block,csr,0,0,1032,1034,0,0,0.002246057,0.000954688013,5.872e-05,0.000173921,0.00101340801,0.004538867,0,2427124
dsb-gpu,QPLIB_3642,35,12380,1035,1036,1036,256,400,fp32,csr-block,csr,0,0,1032,1034,0,0,0.002201769,0.000954176009,5.584e-05,0.000173152,0.00101001601,0.004479986,0,2427124
dsb-gpu,QPLIB_3642,36,12381,1035,1036,1036,256,400,fp32,csr-block,csr,0,0,1032,1034,0,0,0.00223345,0.000954688013,5.6416e-05,0.0001736,0.00101110401,0.004516563,0,2427124
dsb-gpu,QPLIB_3642,37,12382,1035,1036,1036,256,400,fp32,csr-block,csr,0,0,1032,1034,0,0,0.002219786,0.000955871999,5.0016e-05,0.000181665,0.001005888,0.004493651,0,2427124
dsb-gpu,QPLIB_3642,38,12383,1035,1036,1036,256,400,fp32,csr-block,csr,0,0,1034,1034,1,0,0.002224042,0.00095529598,5.9968e-05,0.000171521,0.00101526398,0.004562643,0,2427124
dsb-gpu,QPLIB_3642,39,12384,1035,1036,1036,256,400,fp32,csr-block,csr,0,0,1032,1034,0,0,0.002192969,0.000956640005,5.7665e-05,0.000176225,0.00101430501,0.004480307,0,2427124
dsb-gpu,QPLIB_3642,40,12385,1035,1036,1036,256,400,fp32,csr-block,csr,0,0,1032,1034,0,0,0.002223913,0.000957440019,5.8625e-05,0.000168609,0.00101606502,0.004521107,0,2427124
dsb-gpu,QPLIB_3642,41,12386,1035,1036,1036,256,400,fp32,csr-block,csr,0,0,1034,1034,1,0,0.002237321,0.000956063986,5.1425e-05,0.000167681,0.00100748899,0.004508435,0,2427124
dsb-gpu,QPLIB_3642,42,12387,1035,1036,1036,256,400,fp32,csr-block,csr,0,0,1032,1034,0,0,0.002210985,0.000956160009,5.6512e-05,0.000175168,0.00101267201,0.004476754,0,2427124
dsb-gpu,QPLIB_3642,43,12388,1035,1036,1036,256,400,fp32,csr-block,csr,0,0,1032,1034,0,0,0.002205418,0.000954496026,5.584e-05,0.000169185,0.00101033603,0.004454387,0,2427124
dsb-gpu,QPLIB_3642,44,12389,1035,1036,1036,256,400,fp32,csr-block,csr,0,0,1034,1034,1,0,0.002237161,0.000955071986,5.5553e-05,0.000170497,0.00101062499,0.004488307,0,2427124
dsb-gpu,QPLIB_3642,45,12390,1035,1036,1036,256,400,fp32,csr-block,csr,0,0,1032,1034,0,0,0.002195497,0.000953791976,5.6288e-05,0.000168192,0.00101007998,0.004443346,0,2427124
dsb-gpu,QPLIB_3642,46,12391,1035,1036,1036,256,400,fp32,csr-block,csr,0,0,1032,1034,0,0,0.002237066,0.000954623997,5.664e-05,0.000169409,0.001011264,0.004494003,0,2427124
dsb-gpu,QPLIB_3642,47,12392,1035,1036,1036,256,400,fp32,csr-block,csr,0,0,1034,1034,1,0,0.002190377,0.000954783976,5.6192e-05,0.000169153,0.00101097598,0.004457491,0,2427124
dsb-gpu,QPLIB_3642,48,12393,1035,1036,1036,256,400,fp32,csr-block,csr,0,0,1032,1034,0,0,0.002216105,0.000954271972,5.5712e-05,0.00017424,0.00100998397,0.00448309,0,2427124
dsb-gpu,QPLIB_3642,49,12394,1035,1036,1036,256,400,fp32,csr-block,csr,0,0,1032,1034,0,0,0.00224161,0.00095372802,5.4848e-05,0.000168832,0.00100857602,0.004511026,0,2427124
