qplib	batch	steps	status	output_dir
3506	1024	200	started	run_qplib_result_v5_supp/QPLIB_3506_1024_200
3506	1024	200	completed	run_qplib_result_v5_supp/QPLIB_3506_1024_200
3506	1024	400	started	run_qplib_result_v5_supp/QPLIB_3506_1024_400
3506	1024	400	completed	run_qplib_result_v5_supp/QPLIB_3506_1024_400
3506	1024	800	started	run_qplib_result_v5_supp/QPLIB_3506_1024_800
3506	1024	800	completed	run_qplib_result_v5_supp/QPLIB_3506_1024_800
3506	1024	1600	started	run_qplib_result_v5_supp/QPLIB_3506_1024_1600
3506	1024	1600	completed	run_qplib_result_v5_supp/QPLIB_3506_1024_1600
3506	1024	3200	started	run_qplib_result_v5_supp/QPLIB_3506_1024_3200
3506	1024	3200	completed	run_qplib_result_v5_supp/QPLIB_3506_1024_3200
3565	2048	200	started	run_qplib_result_v5_supp/QPLIB_3565_2048_200
3565	2048	200	completed	run_qplib_result_v5_supp/QPLIB_3565_2048_200
3565	2048	400	started	run_qplib_result_v5_supp/QPLIB_3565_2048_400
3565	2048	400	completed	run_qplib_result_v5_supp/QPLIB_3565_2048_400
3565	2048	800	started	run_qplib_result_v5_supp/QPLIB_3565_2048_800
3565	2048	800	completed	run_qplib_result_v5_supp/QPLIB_3565_2048_800
3565	2048	1600	started	run_qplib_result_v5_supp/QPLIB_3565_2048_1600
3565	2048	1600	completed	run_qplib_result_v5_supp/QPLIB_3565_2048_1600
3565	2048	3200	started	run_qplib_result_v5_supp/QPLIB_3565_2048_3200
3565	2048	3200	completed	run_qplib_result_v5_supp/QPLIB_3565_2048_3200
3642	256	200	started	run_qplib_result_v5_supp/QPLIB_3642_256_200
3642	256	200	completed	run_qplib_result_v5_supp/QPLIB_3642_256_200
3642	256	400	started	run_qplib_result_v5_supp/QPLIB_3642_256_400
3642	256	400	completed	run_qplib_result_v5_supp/QPLIB_3642_256_400
3642	256	800	started	run_qplib_result_v5_supp/QPLIB_3642_256_800
3642	256	800	completed	run_qplib_result_v5_supp/QPLIB_3642_256_800
3642	256	1600	started	run_qplib_result_v5_supp/QPLIB_3642_256_1600
3642	256	1600	completed	run_qplib_result_v5_supp/QPLIB_3642_256_1600
3642	256	3200	started	run_qplib_result_v5_supp/QPLIB_3642_256_3200
3642	256	3200	completed	run_qplib_result_v5_supp/QPLIB_3642_256_3200
3650	256	200	started	run_qplib_result_v5_supp/QPLIB_3650_256_200
3650	256	200	completed	run_qplib_result_v5_supp/QPLIB_3650_256_200
3650	256	400	started	run_qplib_result_v5_supp/QPLIB_3650_256_400
3650	256	400	completed	run_qplib_result_v5_supp/QPLIB_3650_256_400
3650	256	800	started	run_qplib_result_v5_supp/QPLIB_3650_256_800
3650	256	800	completed	run_qplib_result_v5_supp/QPLIB_3650_256_800
3650	256	1600	started	run_qplib_result_v5_supp/QPLIB_3650_256_1600
3650	256	1600	completed	run_qplib_result_v5_supp/QPLIB_3650_256_1600
3650	256	3200	started	run_qplib_result_v5_supp/QPLIB_3650_256_3200
3650	256	3200	completed	run_qplib_result_v5_supp/QPLIB_3650_256_3200
3693	256	200	started	run_qplib_result_v5_supp/QPLIB_3693_256_200
3693	256	200	completed	run_qplib_result_v5_supp/QPLIB_3693_256_200
3693	256	400	started	run_qplib_result_v5_supp/QPLIB_3693_256_400
3693	256	400	completed	run_qplib_result_v5_supp/QPLIB_3693_256_400
3693	256	800	started	run_qplib_result_v5_supp/QPLIB_3693_256_800
3693	256	800	completed	run_qplib_result_v5_supp/QPLIB_3693_256_800
3693	256	1600	started	run_qplib_result_v5_supp/QPLIB_3693_256_1600
3693	256	1600	completed	run_qplib_result_v5_supp/QPLIB_3693_256_1600
3693	256	3200	started	run_qplib_result_v5_supp/QPLIB_3693_256_3200
3693	256	3200	completed	run_qplib_result_v5_supp/QPLIB_3693_256_3200
3705	1024	200	started	run_qplib_result_v5_supp/QPLIB_3705_1024_200
3705	1024	200	completed	run_qplib_result_v5_supp/QPLIB_3705_1024_200
3705	1024	400	started	run_qplib_result_v5_supp/QPLIB_3705_1024_400
3705	1024	400	completed	run_qplib_result_v5_supp/QPLIB_3705_1024_400
3705	1024	800	started	run_qplib_result_v5_supp/QPLIB_3705_1024_800
3705	1024	800	completed	run_qplib_result_v5_supp/QPLIB_3705_1024_800
3705	1024	1600	started	run_qplib_result_v5_supp/QPLIB_3705_1024_1600
3705	1024	1600	completed	run_qplib_result_v5_supp/QPLIB_3705_1024_1600
3705	1024	3200	started	run_qplib_result_v5_supp/QPLIB_3705_1024_3200
3705	1024	3200	completed	run_qplib_result_v5_supp/QPLIB_3705_1024_3200
3706	512	200	started	run_qplib_result_v5_supp/QPLIB_3706_512_200
3706	512	200	completed	run_qplib_result_v5_supp/QPLIB_3706_512_200
3706	512	400	started	run_qplib_result_v5_supp/QPLIB_3706_512_400
3706	512	400	completed	run_qplib_result_v5_supp/QPLIB_3706_512_400
3706	512	800	started	run_qplib_result_v5_supp/QPLIB_3706_512_800
3706	512	800	completed	run_qplib_result_v5_supp/QPLIB_3706_512_800
3706	512	1600	started	run_qplib_result_v5_supp/QPLIB_3706_512_1600
3706	512	1600	completed	run_qplib_result_v5_supp/QPLIB_3706_512_1600
3706	512	3200	started	run_qplib_result_v5_supp/QPLIB_3706_512_3200
3706	512	3200	completed	run_qplib_result_v5_supp/QPLIB_3706_512_3200
3738	1024	200	started	run_qplib_result_v5_supp/QPLIB_3738_1024_200
3738	1024	200	completed	run_qplib_result_v5_supp/QPLIB_3738_1024_200
3738	1024	400	started	run_qplib_result_v5_supp/QPLIB_3738_1024_400
3738	1024	400	completed	run_qplib_result_v5_supp/QPLIB_3738_1024_400
3738	1024	800	started	run_qplib_result_v5_supp/QPLIB_3738_1024_800
3738	1024	800	completed	run_qplib_result_v5_supp/QPLIB_3738_1024_800
3738	1024	1600	started	run_qplib_result_v5_supp/QPLIB_3738_1024_1600
3738	1024	1600	completed	run_qplib_result_v5_supp/QPLIB_3738_1024_1600
3738	1024	3200	started	run_qplib_result_v5_supp/QPLIB_3738_1024_3200
3738	1024	3200	completed	run_qplib_result_v5_supp/QPLIB_3738_1024_3200
3745	2048	200	started	run_qplib_result_v5_supp/QPLIB_3745_2048_200
3745	2048	200	completed	run_qplib_result_v5_supp/QPLIB_3745_2048_200
3745	2048	400	started	run_qplib_result_v5_supp/QPLIB_3745_2048_400
3745	2048	400	completed	run_qplib_result_v5_supp/QPLIB_3745_2048_400
3745	2048	800	started	run_qplib_result_v5_supp/QPLIB_3745_2048_800
3745	2048	800	completed	run_qplib_result_v5_supp/QPLIB_3745_2048_800
3745	2048	1600	started	run_qplib_result_v5_supp/QPLIB_3745_2048_1600
3745	2048	1600	completed	run_qplib_result_v5_supp/QPLIB_3745_2048_1600
3745	2048	3200	started	run_qplib_result_v5_supp/QPLIB_3745_2048_3200
3745	2048	3200	completed	run_qplib_result_v5_supp/QPLIB_3745_2048_3200
3822	512	200	started	run_qplib_result_v5_supp/QPLIB_3822_512_200
3822	512	200	completed	run_qplib_result_v5_supp/QPLIB_3822_512_200
3822	512	400	started	run_qplib_result_v5_supp/QPLIB_3822_512_400
3822	512	400	completed	run_qplib_result_v5_supp/QPLIB_3822_512_400
3822	512	800	started	run_qplib_result_v5_supp/QPLIB_3822_512_800
3822	512	800	completed	run_qplib_result_v5_supp/QPLIB_3822_512_800
3822	512	1600	started	run_qplib_result_v5_supp/QPLIB_3822_512_1600
3822	512	1600	completed	run_qplib_result_v5_supp/QPLIB_3822_512_1600
3822	512	3200	started	run_qplib_result_v5_supp/QPLIB_3822_512_3200
3822	512	3200	completed	run_qplib_result_v5_supp/QPLIB_3822_512_3200
3832	512	200	started	run_qplib_result_v5_supp/QPLIB_3832_512_200
3832	512	200	completed	run_qplib_result_v5_supp/QPLIB_3832_512_200
3832	512	400	started	run_qplib_result_v5_supp/QPLIB_3832_512_400
3832	512	400	completed	run_qplib_result_v5_supp/QPLIB_3832_512_400
3832	512	800	started	run_qplib_result_v5_supp/QPLIB_3832_512_800
3832	512	800	completed	run_qplib_result_v5_supp/QPLIB_3832_512_800
3832	512	1600	started	run_qplib_result_v5_supp/QPLIB_3832_512_1600
3832	512	1600	completed	run_qplib_result_v5_supp/QPLIB_3832_512_1600
3832	512	3200	started	run_qplib_result_v5_supp/QPLIB_3832_512_3200
3832	512	3200	completed	run_qplib_result_v5_supp/QPLIB_3832_512_3200
3838	512	200	started	run_qplib_result_v5_supp/QPLIB_3838_512_200
3838	512	200	completed	run_qplib_result_v5_supp/QPLIB_3838_512_200
3838	512	400	started	run_qplib_result_v5_supp/QPLIB_3838_512_400
3838	512	400	completed	run_qplib_result_v5_supp/QPLIB_3838_512_400
3838	512	800	started	run_qplib_result_v5_supp/QPLIB_3838_512_800
3838	512	800	completed	run_qplib_result_v5_supp/QPLIB_3838_512_800
3838	512	1600	started	run_qplib_result_v5_supp/QPLIB_3838_512_1600
3838	512	1600	completed	run_qplib_result_v5_supp/QPLIB_3838_512_1600
3838	512	3200	started	run_qplib_result_v5_supp/QPLIB_3838_512_3200
3838	512	3200	completed	run_qplib_result_v5_supp/QPLIB_3838_512_3200
3850	256	200	started	run_qplib_result_v5_supp/QPLIB_3850_256_200
3850	256	200	completed	run_qplib_result_v5_supp/QPLIB_3850_256_200
3850	256	400	started	run_qplib_result_v5_supp/QPLIB_3850_256_400
3850	256	400	completed	run_qplib_result_v5_supp/QPLIB_3850_256_400
3850	256	800	started	run_qplib_result_v5_supp/QPLIB_3850_256_800
3850	256	800	completed	run_qplib_result_v5_supp/QPLIB_3850_256_800
3850	256	1600	started	run_qplib_result_v5_supp/QPLIB_3850_256_1600
3850	256	1600	completed	run_qplib_result_v5_supp/QPLIB_3850_256_1600
3850	256	3200	started	run_qplib_result_v5_supp/QPLIB_3850_256_3200
3850	256	3200	completed	run_qplib_result_v5_supp/QPLIB_3850_256_3200
3852	2048	200	started	run_qplib_result_v5_supp/QPLIB_3852_2048_200
3852	2048	200	completed	run_qplib_result_v5_supp/QPLIB_3852_2048_200
3852	2048	400	started	run_qplib_result_v5_supp/QPLIB_3852_2048_400
3852	2048	400	completed	run_qplib_result_v5_supp/QPLIB_3852_2048_400
3852	2048	800	started	run_qplib_result_v5_supp/QPLIB_3852_2048_800
3852	2048	800	completed	run_qplib_result_v5_supp/QPLIB_3852_2048_800
3852	2048	1600	started	run_qplib_result_v5_supp/QPLIB_3852_2048_1600
3852	2048	1600	completed	run_qplib_result_v5_supp/QPLIB_3852_2048_1600
3852	2048	3200	started	run_qplib_result_v5_supp/QPLIB_3852_2048_3200
3852	2048	3200	completed	run_qplib_result_v5_supp/QPLIB_3852_2048_3200
3877	512	200	started	run_qplib_result_v5_supp/QPLIB_3877_512_200
3877	512	200	completed	run_qplib_result_v5_supp/QPLIB_3877_512_200
3877	512	400	started	run_qplib_result_v5_supp/QPLIB_3877_512_400
3877	512	400	completed	run_qplib_result_v5_supp/QPLIB_3877_512_400
3877	512	800	started	run_qplib_result_v5_supp/QPLIB_3877_512_800
3877	512	800	completed	run_qplib_result_v5_supp/QPLIB_3877_512_800
3877	512	1600	started	run_qplib_result_v5_supp/QPLIB_3877_512_1600
3877	512	1600	completed	run_qplib_result_v5_supp/QPLIB_3877_512_1600
3877	512	3200	started	run_qplib_result_v5_supp/QPLIB_3877_512_3200
3877	512	3200	completed	run_qplib_result_v5_supp/QPLIB_3877_512_3200
5721	512	200	started	run_qplib_result_v5_supp/QPLIB_5721_512_200
5721	512	200	completed	run_qplib_result_v5_supp/QPLIB_5721_512_200
5721	512	400	started	run_qplib_result_v5_supp/QPLIB_5721_512_400
5721	512	400	completed	run_qplib_result_v5_supp/QPLIB_5721_512_400
5721	512	800	started	run_qplib_result_v5_supp/QPLIB_5721_512_800
5721	512	800	completed	run_qplib_result_v5_supp/QPLIB_5721_512_800
5721	512	1600	started	run_qplib_result_v5_supp/QPLIB_5721_512_1600
5721	512	1600	completed	run_qplib_result_v5_supp/QPLIB_5721_512_1600
5721	512	3200	started	run_qplib_result_v5_supp/QPLIB_5721_512_3200
5721	512	3200	completed	run_qplib_result_v5_supp/QPLIB_5721_512_3200
5725	1024	200	started	run_qplib_result_v5_supp/QPLIB_5725_1024_200
5725	1024	200	completed	run_qplib_result_v5_supp/QPLIB_5725_1024_200
5725	1024	400	started	run_qplib_result_v5_supp/QPLIB_5725_1024_400
5725	1024	400	completed	run_qplib_result_v5_supp/QPLIB_5725_1024_400
5725	1024	800	started	run_qplib_result_v5_supp/QPLIB_5725_1024_800
5725	1024	800	completed	run_qplib_result_v5_supp/QPLIB_5725_1024_800
5725	1024	1600	started	run_qplib_result_v5_supp/QPLIB_5725_1024_1600
5725	1024	1600	completed	run_qplib_result_v5_supp/QPLIB_5725_1024_1600
5725	1024	3200	started	run_qplib_result_v5_supp/QPLIB_5725_1024_3200
5725	1024	3200	completed	run_qplib_result_v5_supp/QPLIB_5725_1024_3200
5755	1024	200	started	run_qplib_result_v5_supp/QPLIB_5755_1024_200
5755	1024	200	completed	run_qplib_result_v5_supp/QPLIB_5755_1024_200
5755	1024	400	started	run_qplib_result_v5_supp/QPLIB_5755_1024_400
5755	1024	400	completed	run_qplib_result_v5_supp/QPLIB_5755_1024_400
5755	1024	800	started	run_qplib_result_v5_supp/QPLIB_5755_1024_800
5755	1024	800	completed	run_qplib_result_v5_supp/QPLIB_5755_1024_800
5755	1024	1600	started	run_qplib_result_v5_supp/QPLIB_5755_1024_1600
5755	1024	1600	completed	run_qplib_result_v5_supp/QPLIB_5755_1024_1600
5755	1024	3200	started	run_qplib_result_v5_supp/QPLIB_5755_1024_3200
5755	1024	3200	completed	run_qplib_result_v5_supp/QPLIB_5755_1024_3200
5875	1024	200	started	run_qplib_result_v5_supp/QPLIB_5875_1024_200
5875	1024	200	completed	run_qplib_result_v5_supp/QPLIB_5875_1024_200
5875	1024	400	started	run_qplib_result_v5_supp/QPLIB_5875_1024_400
5875	1024	400	completed	run_qplib_result_v5_supp/QPLIB_5875_1024_400
5875	1024	800	started	run_qplib_result_v5_supp/QPLIB_5875_1024_800
5875	1024	800	completed	run_qplib_result_v5_supp/QPLIB_5875_1024_800
5875	1024	1600	started	run_qplib_result_v5_supp/QPLIB_5875_1024_1600
5875	1024	1600	completed	run_qplib_result_v5_supp/QPLIB_5875_1024_1600
5875	1024	3200	started	run_qplib_result_v5_supp/QPLIB_5875_1024_3200
5875	1024	3200	completed	run_qplib_result_v5_supp/QPLIB_5875_1024_3200
