implementation,instance,repeat,seed,n_original,n_before_reduction,n_reduced,edges,agents,steps,precision,variant,storage,reduction,early_stopping,objective,target,success,preprocess_s,setup_s,solver_s,reconstruction_s,evaluation_s,total_s,wall_s,reduction_ratio,time_per_step_s,edge_updates_per_s,nnz_solver,coupling_bytes,gpu_memory_bytes
dsb-gpu,G22,0,12345,2000,2000,2000,19990,512,1600,fp32,csr-row,csr,0,0,13357,13359,0,0,0.004487893,0.0366594887,0.000105761,7.8496e-05,0.0367652497,0.041596541,0,2.29121804e-05,4.46700393e+11,39980,327844,10578340
dsb-gpu,G22,1,12346,2000,2000,2000,19990,512,1600,fp32,csr-row,csr,0,0,13358,13359,0,0,0.004505908,0.0369457283,0.000105313,7.9457e-05,0.0370510413,0.041879198,0,2.30910802e-05,4.4323955e+11,39980,327844,10578340
dsb-gpu,G22,2,12347,2000,2000,2000,19990,512,1600,fp32,csr-row,csr,0,0,13358,13359,0,0,0.004499573,0.0369192963,0.000103937,7.6672e-05,0.0370232333,0.041845278,0,2.30745602e-05,4.43556884e+11,39980,327844,10578340
dsb-gpu,G22,3,12348,2000,2000,2000,19990,512,1600,fp32,csr-row,csr,0,0,13359,13359,1,0,0.004542005,0.0369780159,0.000107361,8.5216e-05,0.0370853769,0.041954943,0,2.31112599e-05,4.42852533e+11,39980,327844,10578340
dsb-gpu,G22,4,12349,2000,2000,2000,19990,512,1600,fp32,csr-row,csr,0,0,13357,13359,0,0,0.004534037,0.0369240303,0.000106656,8.3361e-05,0.0370306863,0.041896959,0,2.30775189e-05,4.43500015e+11,39980,327844,10578340
dsb-gpu,G22,5,12350,2000,2000,2000,19990,512,1600,fp32,csr-row,csr,0,0,13357,13359,0,0,0.004528469,0.0369046097,0.000104065,8.0832e-05,0.0370086747,0.041860126,0,2.30653811e-05,4.43733402e+11,39980,327844,10578340
dsb-gpu,G22,6,12351,2000,2000,2000,19990,512,1600,fp32,csr-row,csr,0,0,13358,13359,0,0,0.004517013,0.0367986221,0.000110817,8.0992e-05,0.0369094391,0.041733406,0,2.29991388e-05,4.45011445e+11,39980,327844,10578340
dsb-gpu,G22,7,12352,2000,2000,2000,19990,512,1600,fp32,csr-row,csr,0,0,13358,13359,0,0,0.004541813,0.0367779198,0.000105665,7.8241e-05,0.0368835848,0.04175347,0,2.29861999e-05,4.45261943e+11,39980,327844,10578340
dsb-gpu,G22,8,12353,2000,2000,2000,19990,512,1600,fp32,csr-row,csr,0,0,13357,13359,0,0,0.004518005,0.0368562889,0.000104865,8.5728e-05,0.0369611539,0.041796958,0,2.30351806e-05,4.44315163e+11,39980,327844,10578340
dsb-gpu,G22,9,12354,2000,2000,2000,19990,512,1600,fp32,csr-row,csr,0,0,13358,13359,0,0,0.004526741,0.0369201279,0.000110592,8.0608e-05,0.0370307199,0.04185811,0,2.30750799e-05,4.43546893e+11,39980,327844,10578340
dsb-gpu,G22,10,12355,2000,2000,2000,19990,512,1600,fp32,csr-row,csr,0,0,13358,13359,0,0,0.00451218,0.0367731857,0.000112225,8.1024e-05,0.0368854107,0.041713598,0,2.29832411e-05,4.45319264e+11,39980,327844,10578340
dsb-gpu,G22,11,12356,2000,2000,2000,19990,512,1600,fp32,csr-row,csr,0,0,13358,13359,0,0,0.004518645,0.0368996162,0.000103521,7.984e-05,0.0370031372,0.041836926,0,2.30622602e-05,4.4379345e+11,39980,327844,10578340
dsb-gpu,G22,12,12357,2000,2000,2000,19990,512,1600,fp32,csr-row,csr,0,0,13358,13359,0,0,0.00465967,0.0365920944,0.000104736,7.7985e-05,0.0366968304,0.04167459,0,2.2870059e-05,4.47523113e+11,39980,327844,10578340
dsb-gpu,G22,13,12358,2000,2000,2000,19990,512,1600,fp32,csr-row,csr,0,0,13357,13359,0,0,0.004523189,0.0370225296,0.000111136,8.1121e-05,0.0371336656,0.041972639,0,2.3139081e-05,4.42320073e+11,39980,327844,10578340
dsb-gpu,G22,14,12359,2000,2000,2000,19990,512,1600,fp32,csr-row,csr,0,0,13358,13359,0,0,0.00451666,0.0368537292,0.000104704,8.1057e-05,0.0369584332,0.041788926,0,2.30335808e-05,4.44346022e+11,39980,327844,10578340
dsb-gpu,G22,15,12360,2000,2000,2000,19990,512,1600,fp32,csr-row,csr,0,0,13358,13359,0,0,0.004489588,0.0368357773,0.00011088,7.5808e-05,0.0369466573,0.041739357,0,2.30223608e-05,4.44562575e+11,39980,327844,10578340
dsb-gpu,G22,16,12361,2000,2000,2000,19990,512,1600,fp32,csr-row,csr,0,0,13359,13359,1,0,0.004609365,0.0370068474,0.000103456,7.4049e-05,0.0371103034,0.042032959,0,2.31292796e-05,4.42507513e+11,39980,327844,10578340
dsb-gpu,G22,17,12362,2000,2000,2000,19990,512,1600,fp32,csr-row,csr,0,0,13358,13359,0,0,0.004492308,0.037087265,0.000104001,7.7697e-05,0.037191266,0.041993983,0,2.31795406e-05,4.41548008e+11,39980,327844,10578340
dsb-gpu,G22,18,12363,2000,2000,2000,19990,512,1600,fp32,csr-row,csr,0,0,13358,13359,0,0,0.004497332,0.0370037766,0.000103712,7.728e-05,0.0371074886,0.041914846,0,2.31273603e-05,4.42544235e+11,39980,327844,10578340
dsb-gpu,G22,19,12364,2000,2000,2000,19990,512,1600,fp32,csr-row,csr,0,0,13358,13359,0,0,0.004476244,0.0368252487,0.000102561,7.4592e-05,0.0369278097,0.041704957,0,2.30157804e-05,4.44689678e+11,39980,327844,10578340
dsb-gpu,G22,20,12365,2000,2000,2000,19990,512,1600,fp32,csr-row,csr,0,0,13358,13359,0,0,0.004501141,0.0366241608,0.000110497,7.5488e-05,0.0367346578,0.041558301,0,2.28901005e-05,4.47131283e+11,39980,327844,10578340
dsb-gpu,G22,21,12366,2000,2000,2000,19990,512,1600,fp32,csr-row,csr,0,0,13358,13359,0,0,0.004487157,0.0368009911,0.000103136,7.8177e-05,0.0369041271,0.041692318,0,2.30006194e-05,4.44982799e+11,39980,327844,10578340
dsb-gpu,G22,22,12367,2000,2000,2000,19990,512,1600,fp32,csr-row,csr,0,0,13358,13359,0,0,0.004513972,0.0365493126,0.000105088,7.5072e-05,0.0366544006,0.041480604,0,2.28433204e-05,4.48046949e+11,39980,327844,10578340
dsb-gpu,G22,23,12368,2000,2000,2000,19990,512,1600,fp32,csr-row,csr,0,0,13358,13359,0,0,0.004495924,0.0367537613,0.000105665,7.4753e-05,0.0368594263,0.041671454,0,2.29711008e-05,4.45554616e+11,39980,327844,10578340
dsb-gpu,G22,24,12369,2000,2000,2000,19990,512,1600,fp32,csr-row,csr,0,0,13358,13359,0,0,0.0045029,0.0368200302,0.000103296,7.3313e-05,0.0369233262,0.04174163,0,2.30125189e-05,4.44752704e+11,39980,327844,10578340
dsb-gpu,G22,25,12370,2000,2000,2000,19990,512,1600,fp32,csr-row,csr,0,0,13358,13359,0,0,0.004515572,0.0370911674,0.000103552,7.4625e-05,0.0371947194,0.042011327,0,2.31819797e-05,4.41501552e+11,39980,327844,10578340
dsb-gpu,G22,26,12371,2000,2000,2000,19990,512,1600,fp32,csr-row,csr,0,0,13358,13359,0,0,0.004493908,0.0368560638,0.000110368,7.4977e-05,0.0369664318,0.041765598,0,2.30350399e-05,4.44317876e+11,39980,327844,10578340
dsb-gpu,G22,27,12372,2000,2000,2000,19990,512,1600,fp32,csr-row,csr,0,0,13358,13359,0,0,0.004599349,0.0367838707,0.000101056,7.3345e-05,0.0368849267,0.041786366,0,2.29899192e-05,4.45189908e+11,39980,327844,10578340
dsb-gpu,G22,28,12373,2000,2000,2000,19990,512,1600,fp32,csr-row,csr,0,0,13358,13359,0,0,0.004500052,0.0368713913,0.000102656,7.2673e-05,0.0369740473,0.04177859,0,2.30446196e-05,4.44133173e+11,39980,327844,10578340
dsb-gpu,G22,29,12374,2000,2000,2000,19990,512,1600,fp32,csr-row,csr,0,0,13358,13359,0,0,0.00450562,0.0370498886,0.000120288,7.2385e-05,0.0371701766,0.042002655,0,2.31561804e-05,4.41993448e+11,39980,327844,10578340
dsb-gpu,G22,30,12375,2000,2000,2000,19990,512,1600,fp32,csr-row,csr,0,0,13357,13359,0,0,0.004487796,0.0370843201,0.000103136,7.3344e-05,0.0371874561,0.041981886,0,2.31777e-05,4.41583073e+11,39980,327844,10578340
dsb-gpu,G22,31,12376,2000,2000,2000,19990,512,1600,fp32,csr-row,csr,0,0,13358,13359,0,0,0.004483668,0.036734623,0.000102945,7.7281e-05,0.036837568,0.041629373,0,2.29591393e-05,4.45786745e+11,39980,327844,10578340
dsb-gpu,G22,32,12377,2000,2000,2000,19990,512,1600,fp32,csr-row,csr,0,0,13357,13359,0,0,0.004465524,0.0366731834,0.000107009,7.4049e-05,0.0367801924,0.041531997,0,2.29207397e-05,4.46533583e+11,39980,327844,10578340
dsb-gpu,G22,33,12378,2000,2000,2000,19990,512,1600,fp32,csr-row,csr,0,0,13358,13359,0,0,0.004500212,0.036859169,0.00011056,7.1969e-05,0.036969729,0.04178019,0,2.30369806e-05,4.44280445e+11,39980,327844,10578340
dsb-gpu,G22,34,12379,2000,2000,2000,19990,512,1600,fp32,csr-row,csr,0,0,13358,13359,0,0,0.004494964,0.0368843193,0.000109696,7.1841e-05,0.0369940153,0.041796062,0,2.30526996e-05,4.43977503e+11,39980,327844,10578340
dsb-gpu,G22,35,12380,2000,2000,2000,19990,512,1600,fp32,csr-row,csr,0,0,13358,13359,0,0,0.004499764,0.0368889923,0.000103489,8.2593e-05,0.0369924813,0.041801022,0,2.30556202e-05,4.43921261e+11,39980,327844,10578340
dsb-gpu,G22,36,12381,2000,2000,2000,19990,512,1600,fp32,csr-row,csr,0,0,13358,13359,0,0,0.004514293,0.0369913597,0.00010592,7.1873e-05,0.0370972797,0.041931871,0,2.31195998e-05,4.42692784e+11,39980,327844,10578340
dsb-gpu,G22,37,12382,2000,2000,2000,19990,512,1600,fp32,csr-row,csr,0,0,13358,13359,0,0,0.004494292,0.0369718704,0.000104993,7.4016e-05,0.0370768634,0.041890814,0,2.3107419e-05,4.42926144e+11,39980,327844,10578340
dsb-gpu,G22,38,12383,2000,2000,2000,19990,512,1600,fp32,csr-row,csr,0,0,13358,13359,0,0,0.004513461,0.0367184334,0.000104672,7.3696e-05,0.0368231054,0.041626429,0,2.29490209e-05,4.45983298e+11,39980,327844,10578340
dsb-gpu,G22,39,12384,2000,2000,2000,19990,512,1600,fp32,csr-row,csr,0,0,13357,13359,0,0,0.004476885,0.0368780174,0.000107553,7.4208e-05,0.0369855704,0.041773854,0,2.30487609e-05,4.44053372e+11,39980,327844,10578340
dsb-gpu,G22,40,12385,2000,2000,2000,19990,512,1600,fp32,csr-row,csr,0,0,13357,13359,0,0,0.004501717,0.0369637108,0.000105248,7.7985e-05,0.0370689588,0.041885759,0,2.31023192e-05,4.43023919e+11,39980,327844,10578340
dsb-gpu,G22,41,12386,2000,2000,2000,19990,512,1600,fp32,csr-row,csr,0,0,13357,13359,0,0,0.004508692,0.037011425,0.000110176,7.5808e-05,0.037121601,0.041936478,0,2.31321406e-05,4.42452783e+11,39980,327844,10578340
dsb-gpu,G22,42,12387,2000,2000,2000,19990,512,1600,fp32,csr-row,csr,0,0,13357,13359,0,0,0.004643509,0.0370281906,0.000112065,7.4976e-05,0.0371402556,0.042101055,0,2.31426191e-05,4.4225245e+11,39980,327844,10578340
dsb-gpu,G22,43,12388,2000,2000,2000,19990,512,1600,fp32,csr-row,csr,0,0,13357,13359,0,0,0.004490261,0.0366942406,0.000105473,7.5104e-05,0.0367997136,0.041594589,0,2.29339004e-05,4.46277338e+11,39980,327844,10578340
dsb-gpu,G22,44,12389,2000,2000,2000,19990,512,1600,fp32,csr-row,csr,0,0,13357,13359,0,0,0.004483637,0.0368117104,0.000101824,7.7249e-05,0.0369135344,0.04170019,0,2.3007319e-05,4.44853223e+11,39980,327844,10578340
dsb-gpu,G22,45,12390,2000,2000,2000,19990,512,1600,fp32,csr-row,csr,0,0,13358,13359,0,0,0.004502324,0.0368000641,0.000102624,7.5776e-05,0.0369026881,0.041705789,0,2.30000401e-05,4.44994008e+11,39980,327844,10578340
dsb-gpu,G22,46,12391,2000,2000,2000,19990,512,1600,fp32,csr-row,csr,0,0,13358,13359,0,0,0.004496308,0.0368000946,0.000111873,7.3696e-05,0.0369119676,0.041730142,0,2.30000591e-05,4.44993639e+11,39980,327844,10578340
dsb-gpu,G22,47,12392,2000,2000,2000,19990,512,1600,fp32,csr-row,csr,0,0,13357,13359,0,0,0.004504917,0.0368237457,0.000105953,7.7696e-05,0.0369296987,0.041746782,0,2.30148411e-05,4.44707829e+11,39980,327844,10578340
dsb-gpu,G22,48,12393,2000,2000,2000,19990,512,1600,fp32,csr-row,csr,0,0,13357,13359,0,0,0.004510837,0.0368770866,0.000111489,7.456e-05,0.0369885756,0.041811006,0,2.30481791e-05,4.4406458e+11,39980,327844,10578340
dsb-gpu,G22,49,12394,2000,2000,2000,19990,512,1600,fp32,csr-row,csr,0,0,13358,13359,0,0,0.004502933,0.0371052818,0.000110849,7.3472e-05,0.0372161308,0.042016383,0,2.31908011e-05,4.41333611e+11,39980,327844,10578340
