implementation,instance,repeat,seed,n_original,n_before_reduction,n_reduced,edges,agents,steps,precision,variant,storage,reduction,early_stopping,objective,target,success,preprocess_s,setup_s,solver_s,reconstruction_s,evaluation_s,total_s,wall_s,reduction_ratio,time_per_step_s,edge_updates_per_s,nnz_solver,coupling_bytes,gpu_memory_bytes
simulated-bifurcation-2.0.0,bipartite_N50000_d100_seed42,0,12345,50000,50000,50000,2500000,200,200,fp32,discrete-matched,dense,0,0,2500000,2500000,1,0,0.879398384,5.06777466,1.28639949e-05,0.008191075,5.06778753,5.95538153,0,0.0253388733,,5000000,10000000000,
simulated-bifurcation-2.0.0,bipartite_N50000_d100_seed42,1,12346,50000,50000,50000,2500000,200,200,fp32,discrete-matched,dense,0,0,2500000,2500000,1,0,0.876860037,5.06761933,8.83200846e-06,0.008927238,5.06762817,5.95341954,0,0.0253380967,,5000000,10000000000,
simulated-bifurcation-2.0.0,bipartite_N50000_d100_seed42,2,12347,50000,50000,50000,2500000,200,200,fp32,discrete-matched,dense,0,0,2500000,2500000,1,0,0.87961253,5.06750321,1.08159875e-05,0.00818947499,5.06751402,5.95531939,0,0.025337516,,5000000,10000000000,
simulated-bifurcation-2.0.0,bipartite_N50000_d100_seed42,3,12348,50000,50000,50000,2500000,200,200,fp32,discrete-matched,dense,0,0,2500000,2500000,1,0,0.881235096,5.06717261,9.69599932e-06,0.00842899599,5.06718231,5.95685069,0,0.0253358631,,5000000,10000000000,
simulated-bifurcation-2.0.0,bipartite_N50000_d100_seed42,4,12349,50000,50000,50000,2500000,200,200,fp32,discrete-matched,dense,0,0,2500000,2500000,1,0,0.876827654,5.06722301,1.15520088e-05,0.009151976,5.06723456,5.95321883,0,0.0253361151,,5000000,10000000000,
simulated-bifurcation-2.0.0,bipartite_N50000_d100_seed42,5,12350,50000,50000,50000,2500000,200,200,fp32,discrete-matched,dense,0,0,2500000,2500000,1,0,0.885799179,5.06730032,1.06570078e-05,0.008974214,5.06731098,5.96208828,0,0.0253365016,,5000000,10000000000,
simulated-bifurcation-2.0.0,bipartite_N50000_d100_seed42,6,12351,50000,50000,50000,2500000,200,200,fp32,discrete-matched,dense,0,0,2500000,2500000,1,0,0.889106042,5.06736916,9.91999696e-06,0.00847741299,5.06737908,5.96496621,0,0.0253368458,,5000000,10000000000,
simulated-bifurcation-2.0.0,bipartite_N50000_d100_seed42,7,12352,50000,50000,50000,2500000,200,200,fp32,discrete-matched,dense,0,0,2500000,2500000,1,0,0.892453672,5.06829226,1.24479993e-05,0.00846624401,5.06830471,5.96922716,0,0.0253414613,,5000000,10000000000,
simulated-bifurcation-2.0.0,bipartite_N50000_d100_seed42,8,12353,50000,50000,50000,2500000,200,200,fp32,discrete-matched,dense,0,0,2500000,2500000,1,0,0.89436072,5.06725882,9.95201117e-06,0.00884151,5.06726877,5.97047324,0,0.0253362941,,5000000,10000000000,
simulated-bifurcation-2.0.0,bipartite_N50000_d100_seed42,9,12354,50000,50000,50000,2500000,200,200,fp32,discrete-matched,dense,0,0,2500000,2500000,1,0,0.889168187,5.06741165,9.60000034e-06,0.008449316,5.06742125,5.9650418,0,0.0253370583,,5000000,10000000000,
