instance,batch,steps,implementation,entry,variant,precision,reduction,status,exit_code,elapsed_s,rows_written,repeats_requested,timeout_s,detail
QPLIB_3506,1024,3200,dsb-gpu,auto,auto,fp32,0,ok,0,5.835,50,50,1800,"note: QPLIB_3506 has an identically zero external field; FastHare will see a field-free instance and reduce little"
QPLIB_3506,1024,3200,dsb-gpu,bit,bit,fp32,0,error,1,0.025,0,50,1800,"error: unknown variant: bit"
QPLIB_3506,1024,3200,dsb-gpu,csr-row,csr-row,fp32,0,ok,0,1.699,50,50,1800,"note: QPLIB_3506 has an identically zero external field; FastHare will see a field-free instance and reduce little"
QPLIB_3506,1024,3200,dsb-gpu,csr-block,csr-block,fp32,0,ok,0,1.197,50,50,1800,"note: QPLIB_3506 has an identically zero external field; FastHare will see a field-free instance and reduce little"
QPLIB_3506,1024,3200,dsb-gpu,block,block,fp32,0,ok,0,25.231,50,50,1800,"note: QPLIB_3506 has an identically zero external field; FastHare will see a field-free instance and reduce little"
QPLIB_3506,1024,3200,dsb-gpu,gemm,gemm,fp32,0,ok,0,4.757,50,50,1800,"note: QPLIB_3506 has an identically zero external field; FastHare will see a field-free instance and reduce little"
QPLIB_3506,1024,3200,dsb-gpu,gemm:fp32:notf32,gemm-notf32,fp32,0,error,1,0.025,0,50,1800,"error: unknown option: --no-tf32"
QPLIB_3506,1024,3200,dsb-gpu,gemm:int8,gemm,int8,0,ok,0,4.959,50,50,1800,"note: QPLIB_3506 has an identically zero external field; FastHare will see a field-free instance and reduce little"
QPLIB_3506,1024,3200,dsb-gpu,gemm:fp16,gemm,fp16,0,ok,0,5.471,50,50,1800,"note: QPLIB_3506 has an identically zero external field; FastHare will see a field-free instance and reduce little"
QPLIB_3506,1024,3200,public-dsb,public:float32:matched,public,float32,0,ok,0,30.551,50,50,1800,"simulated-bifurcation schedule=matched env={'time_step': 1.16; 'pressure_slope': 0.00026948076446303265; 'heat_coefficient': 0.06; 'init': 'uniform(-0.01;0.01)'}"
