family,instance,agents,steps,label,runs,n,edges,nnz,target,dt,auto_choice,us_per_step,solver_s,wall_s,total_s,setup_s,best,median_obj,q1_obj,q3_obj,successes,median_gap_pct,best_gap_pct,gpu_mem_bytes,p_batch,tts99_solver_s,tts99_wall_s
K2000,WK2000_1,16,200,bit,50,2000,1999000.0,0.0,33337.0,1.1,,3.2662400600000003,0.000653248012,0.040147871,0.0007338565095,0.0272224865,33185,33036.5,32983.75,33084.75,0.0,0.9014008459069502,0.45594984551699314,768864.0,0.0,inf,inf
K2000,WK2000_1,16,200,gemm-fp16,50,2000,1999000.0,0.0,33337.0,1.1,,7.684560125,0.001536912025,0.0372061945,0.0017550729749999999,0.014074621499999999,33187,33037.5,32996.25,33095.0,0.0,0.8984011758706543,0.44995050544440107,12515104.0,0.0,inf,inf
K2000,WK2000_1,16,200,gemm-int8,50,2000,1999000.0,0.0,33337.0,1.1,,9.303439874999999,0.001860687975,0.070184994,0.0019604164600000003,0.046702156,33185,33036.5,32983.75,33084.75,0.0,0.9014008459069502,0.45594984551699314,13147360.0,0.0,inf,inf
K2000,WK2000_1,16,200,gemm-tf32,50,2000,1999000.0,0.0,33337.0,1.1,,17.823359975,0.003564671995,0.034553735,0.0038638735450000003,0.009491913000000001,33185,33036.5,32983.75,33084.75,0.0,0.9014008459069502,0.45594984551699314,20707104.0,0.0,inf,inf
K2000,WK2000_1,16,200,public-matched,50,2000,1999000.0,3998000.0,33337.0,1.1,,191.278115,0.038255623,0.0425381375,0.038263719,0.0008620510049999999,32920,32648.0,32572.25,32723.5,0.0,2.066772655007949,1.2508624051354351,,0.0,inf,inf
K2000,WK2000_1,16,400,bit,50,2000,1999000.0,0.0,33337.0,1.1,,3.1585601000000003,0.00126342404,0.03992843,0.001342927985,0.026639188,33250,33179.5,33137.75,33201.5,0.0,0.4724480307166212,0.26097129315775264,769664.0,0.0,inf,inf
K2000,WK2000_1,16,400,gemm-fp16,50,2000,1999000.0,0.0,33337.0,1.1,,7.592920062499999,0.003037168025,0.039545452499999995,0.003256705025,0.013717819999999999,33262,33163.0,33139.75,33204.75,0.0,0.5219425863155053,0.22497525272220054,12515904.0,0.0,inf,inf
K2000,WK2000_1,16,400,gemm-int8,50,2000,1999000.0,0.0,33337.0,1.1,,9.2702001375,0.003708080055,0.072857486,0.003806640555,0.04631065,33250,33179.5,33137.75,33201.5,0.0,0.4724480307166212,0.26097129315775264,13148160.0,0.0,inf,inf
K2000,WK2000_1,16,400,gemm-tf32,50,2000,1999000.0,0.0,33337.0,1.1,,18.186120387499997,0.007274448155,0.039720461,0.007575808905,0.009380873000000001,33250,33179.5,33137.75,33201.5,0.0,0.4724480307166212,0.26097129315775264,20707904.0,0.0,inf,inf
K2000,WK2000_1,16,400,public-matched,50,2000,1999000.0,3998000.0,33337.0,1.1,,204.33917000000002,0.08173566800000001,0.08592288649999999,0.08174498,0.000876211998,33184,32959.5,32905.25,33023.75,0.0,1.1323754387017428,0.4589495155532891,,0.0,inf,inf
K2000,WK2000_1,16,800,bit,50,2000,1999000.0,0.0,33337.0,1.1,,3.1740599875,0.00253924799,0.041203491499999995,0.002617904985,0.0266990605,33290,33237.5,33224.5,33250.25,0.0,0.2984671686114527,0.14098449170591235,771264.0,0.0,inf,inf
K2000,WK2000_1,16,800,gemm-fp16,50,2000,1999000.0,0.0,33337.0,1.1,,7.227480112499999,0.005781984089999999,0.046190329,0.00600124906,0.0137002515,33303,33235.5,33222.0,33245.5,0.0,0.3044665086840448,0.10198878123406425,12517504.0,0.0,inf,inf
K2000,WK2000_1,16,800,gemm-int8,50,2000,1999000.0,0.0,33337.0,1.1,,9.06562000625,0.007252496005,0.0793772905,0.007349985085,0.046259129499999996,33290,33237.5,33224.5,33250.25,0.0,0.2984671686114527,0.14098449170591235,13149760.0,0.0,inf,inf
K2000,WK2000_1,16,800,gemm-tf32,50,2000,1999000.0,0.0,33337.0,1.1,,17.6625400625,0.014130032050000001,0.050386252,0.01443080115,0.009330344,33290,33237.5,33224.5,33250.25,0.0,0.2984671686114527,0.14098449170591235,20709504.0,0.0,inf,inf
K2000,WK2000_1,16,800,public-matched,50,2000,1999000.0,3998000.0,33337.0,1.1,,182.26433437499998,0.1458114675,0.15025060699999998,0.14581905150000002,0.0008845155094999999,33273,33150.5,33098.75,33191.0,0.0,0.5594384617692054,0.1919788823229445,,0.0,inf,inf
K2000,WK2000_1,16,1600,bit,50,2000,1999000.0,0.0,33337.0,1.1,,3.18899989375,0.00510239983,0.043581966,0.00518284857,0.0265932355,33291,33260.5,33248.5,33269.75,0.0,0.22947475777664456,0.13798482166961634,774464.0,0.0,inf,inf
K2000,WK2000_1,16,1600,gemm-fp16,50,2000,1999000.0,0.0,33337.0,1.1,,7.13421015625,0.01141473625,0.059154722,0.01163560125,0.013675708,33337,33264.0,33252.0,33281.25,1.0,0.21897591264960856,0.0,12520704.0,0.02,2.602559865,13.487276616
K2000,WK2000_1,16,1600,gemm-int8,50,2000,1999000.0,0.0,33337.0,1.1,,8.969999843750001,0.01435199975,0.092970501,0.01445310405,0.046450362499999995,33291,33260.5,33248.5,33269.75,0.0,0.22947475777664456,0.13798482166961634,13152960.0,0.0,inf,inf
K2000,WK2000_1,16,1600,gemm-tf32,50,2000,1999000.0,0.0,33337.0,1.1,,17.966890343750002,0.02874702455,0.0725691165,0.0290505775,0.009328119999999999,33291,33260.5,33248.5,33269.75,0.0,0.22947475777664456,0.13798482166961634,20712704.0,0.0,inf,inf
K2000,WK2000_1,16,1600,public-matched,50,2000,1999000.0,3998000.0,33337.0,1.1,,177.7163846875,0.2843462155,0.2885682985,0.2843591595,0.0008742440115,33278,33226.5,33207.25,33245.0,0.0,0.3314635390107088,0.17698053214146445,,0.0,inf,inf
K2000,WK2000_1,16,3200,bit,50,2000,1999000.0,0.0,33337.0,1.1,,3.175515078125,0.01016164825,0.0487553005,0.0102410398,0.0266893485,33337,33292.0,33277.25,33303.0,2.0,0.13498515163332034,0.0,780864.0,0.04,1.14826625225,5.5093489565
K2000,WK2000_1,16,3200,gemm-fp16,50,2000,1999000.0,0.0,33337.0,1.1,,6.970625234375,0.02230600075,0.0848043855,0.02252896175,0.013744604,33337,33279.0,33263.0,33296.0,3.0,0.17398086210516844,0.0,12527104.0,0.06,1.67295005625,6.3603289125
K2000,WK2000_1,16,3200,gemm-int8,50,2000,1999000.0,0.0,33337.0,1.1,,8.554759921875,0.02737523175,0.118658549,0.02747649645,0.046580299,33337,33292.0,33277.25,33303.0,2.0,0.13498515163332034,0.0,13159360.0,0.04,3.09340118775,13.408416037
K2000,WK2000_1,16,3200,gemm-tf32,50,2000,1999000.0,0.0,33337.0,1.1,,17.916425453125,0.05733256145,0.1176519845,0.057644354349999996,0.009444553000000001,33337,33292.0,33277.25,33303.0,2.0,0.13498515163332034,0.0,20719104.0,0.04,6.47857944385,13.2946742485
K2000,WK2000_1,16,3200,public-matched,50,2000,1999000.0,3998000.0,33337.0,1.1,,175.4089746875,0.561308719,0.5655629775,0.561316783,0.0008666754875,33308,33264.5,33248.25,33283.0,0.0,0.21747607763146054,0.08699043105258421,,0.0,inf,inf
K2000,WK2000_1,64,200,bit,50,2000,1999000.0,0.0,33337.0,1.1,,5.818639975,0.0011637279950000002,0.041271108,0.001249456495,0.027901993,33226,33106.0,33063.75,33141.0,0.0,0.6929237783843777,0.3329633740288568,1561056.0,0.0,inf,inf
K2000,WK2000_1,64,200,gemm-fp16,50,2000,1999000.0,0.0,33337.0,1.1,,7.320880000000001,0.0014641760000000002,0.038946778,0.001685793035,0.015743636499999998,33209,33096.5,33066.5,33115.75,0.0,0.7214206437291898,0.383957764645889,13475104.0,0.0,inf,inf
K2000,WK2000_1,64,200,gemm-int8,50,2000,1999000.0,0.0,33337.0,1.1,,9.586079999999999,0.001917216,0.07193615349999999,0.0020207044550000003,0.047957201000000005,33226,33106.0,33063.75,33141.0,0.0,0.6929237783843777,0.3329633740288568,14396128.0,0.0,inf,inf
K2000,WK2000_1,64,200,gemm-tf32,50,2000,1999000.0,0.0,33337.0,1.1,,18.5016799,0.00370033598,0.035936748,0.00400470546,0.010277468,33226,33106.0,33063.75,33141.0,0.0,0.6929237783843777,0.3329633740288568,22243104.0,0.0,inf,inf
K2000,WK2000_1,64,200,public-matched,50,2000,1999000.0,3998000.0,33337.0,1.1,,215.63142,0.043126284,0.0482278585,0.043142044000000004,0.0008503075079999999,33038,32767.0,32717.25,32826.0,0.0,1.7098119206887243,0.8969013408525063,,0.0,inf,inf
K2000,WK2000_1,64,400,bit,50,2000,1999000.0,0.0,33337.0,1.1,,5.7715201375,0.002308608055,0.042623594,0.002391728525,0.028010442,33262,33219.0,33195.25,33240.75,0.0,0.35396106428292884,0.22497525272220054,1561856.0,0.0,inf,inf
K2000,WK2000_1,64,400,gemm-fp16,50,2000,1999000.0,0.0,33337.0,1.1,,7.2611200875,0.002904448035,0.042275672,0.003129137035,0.015780996999999998,33279,33223.0,33203.25,33233.75,0.0,0.3419623841377448,0.17398086210516842,13475904.0,0.0,inf,inf
K2000,WK2000_1,64,400,gemm-int8,50,2000,1999000.0,0.0,33337.0,1.1,,9.5688399625,0.003827535985,0.07525346399999999,0.003927984549999999,0.047916129,33262,33219.0,33195.25,33240.75,0.0,0.35396106428292884,0.22497525272220054,14396928.0,0.0,inf,inf
K2000,WK2000_1,64,400,gemm-tf32,50,2000,1999000.0,0.0,33337.0,1.1,,18.3886796125,0.007355471844999999,0.041115716,0.007661409615,0.010261453,33262,33219.0,33195.25,33240.75,0.0,0.35396106428292884,0.22497525272220054,22243904.0,0.0,inf,inf
K2000,WK2000_1,64,400,public-matched,50,2000,1999000.0,3998000.0,33337.0,1.1,,204.07448875,0.08162979549999999,0.086773834,0.081637972,0.0008650439994999999,33174,33063.0,33011.25,33101.75,0.0,0.8219095899451061,0.4889462159162492,,0.0,inf,inf
K2000,WK2000_1,64,800,bit,50,2000,1999000.0,0.0,33337.0,1.1,,5.7361000749999995,0.00458888006,0.044851170999999995,0.0046732961,0.0280165705,33296,33258.0,33252.25,33266.75,0.0,0.2369739328673846,0.12298647148813631,1563456.0,0.0,inf,inf
K2000,WK2000_1,64,800,gemm-fp16,50,2000,1999000.0,0.0,33337.0,1.1,,6.845960025,0.00547676802,0.048401011,0.00569987308,0.015753717,33333,33255.5,33248.0,33271.75,0.0,0.2444731079581246,0.011998680145184031,13477504.0,0.0,inf,inf
K2000,WK2000_1,64,800,gemm-int8,50,2000,1999000.0,0.0,33337.0,1.1,,9.2259398125,0.007380751850000001,0.0820368055,0.007480160350000001,0.048055570000000006,33296,33258.0,33252.25,33266.75,0.0,0.2369739328673846,0.12298647148813631,14398528.0,0.0,inf,inf
K2000,WK2000_1,64,800,gemm-tf32,50,2000,1999000.0,0.0,33337.0,1.1,,18.3556205,0.0146844964,0.0524081805,0.0149867219,0.010247629000000001,33296,33258.0,33252.25,33266.75,0.0,0.2369739328673846,0.12298647148813631,22245504.0,0.0,inf,inf
K2000,WK2000_1,64,800,public-matched,50,2000,1999000.0,3998000.0,33337.0,1.1,,190.71635125,0.152573081,0.15773984000000002,0.15258218499999998,0.000876387989,33304,33200.0,33177.0,33222.5,0.0,0.41095479497255305,0.09898911119776825,,0.0,inf,inf
K2000,WK2000_1,64,1600,bit,50,2000,1999000.0,0.0,33337.0,1.1,,5.689709784375,0.009103535655000002,0.049334903,0.00918772833,0.028012202,33337,33284.0,33271.0,33295.75,1.0,0.1589825119236884,0.0,1566656.0,0.02,2.0756061293400005,11.248357884
K2000,WK2000_1,64,1600,gemm-fp16,50,2000,1999000.0,0.0,33337.0,1.1,,6.7953199062500005,0.010872511849999999,0.061265707,0.0110962248,0.0157505165,33337,33290.5,33273.25,33296.0,1.0,0.13948465668776433,0.0,13480704.0,0.02,2.4789327018,13.968581196
K2000,WK2000_1,64,1600,gemm-int8,50,2000,1999000.0,0.0,33337.0,1.1,,9.22091990625,0.01475347185,0.096128291,0.0148555046,0.048156993999999995,33337,33284.0,33271.0,33295.75,1.0,0.1589825119236884,0.0,14401728.0,0.02,3.3637915818,21.917250348
K2000,WK2000_1,64,1600,gemm-tf32,50,2000,1999000.0,0.0,33337.0,1.1,,18.2461899375,0.0291939039,0.074910455,0.02950035245,0.010223260500000001,33337,33284.0,33271.0,33295.75,1.0,0.1589825119236884,0.0,22248704.0,0.02,6.6562100892,17.07958374
K2000,WK2000_1,64,1600,public-matched,50,2000,1999000.0,3998000.0,33337.0,1.1,,178.34148750000003,0.28534638,0.290415682,0.285354316,0.0008641320020000001,33304,33255.5,33238.0,33266.75,0.0,0.2444731079581246,0.09898911119776825,,0.0,inf,inf
K2000,WK2000_1,64,3200,bit,50,2000,1999000.0,0.0,33337.0,1.1,,5.680750015625,0.01817840005,0.058439886999999996,0.0182629437,0.0280808585,33337,33303.5,33296.0,33308.0,4.0,0.10048894621591625,0.0,1573056.0,0.08,1.0179904028000002,3.2726336719999995
K2000,WK2000_1,64,3200,gemm-fp16,50,2000,1999000.0,0.0,33337.0,1.1,,6.840919859375,0.02189094355,0.0872083,0.02211646455,0.0158088205,33337,33303.0,33294.0,33308.0,6.0,0.10198878123406425,0.0,13487104.0,0.12,0.80996491135,3.2267071
K2000,WK2000_1,64,3200,gemm-int8,50,2000,1999000.0,0.0,33337.0,1.1,,8.802570109375,0.02816822435,0.122056132,0.028268144350000003,0.048266211,33337,33303.5,33296.0,33308.0,4.0,0.10048894621591625,0.0,14408128.0,0.08,1.5774205636,6.835143392
K2000,WK2000_1,64,3200,gemm-tf32,50,2000,1999000.0,0.0,33337.0,1.1,,18.212029921875,0.058278495750000006,0.1196045375,0.05859252845,0.0102595165,33337,33303.5,33296.0,33308.0,4.0,0.10048894621591625,0.0,22255104.0,0.08,3.2635957620000005,6.6978541
K2000,WK2000_1,64,3200,public-matched,50,2000,1999000.0,3998000.0,33337.0,1.1,,174.59446109375,0.5587022755,0.5639903310000001,0.5587127555,0.0008684194905,33337,33282.5,33271.25,33296.0,2.0,0.16348201697813242,0.0,,0.04,63.13335713149999,63.73090740300001
K2000,WK2000_1,128,200,bit,50,2000,1999000.0,0.0,33337.0,1.1,,9.14240005,0.00182848001,0.043412189500000004,0.001916160505,0.029196031,33231,33141.0,33113.75,33169.25,0.0,0.5879353271140175,0.3179650238473768,2617312.0,0.0,inf,inf
K2000,WK2000_1,128,200,gemm-fp16,50,2000,1999000.0,0.0,33337.0,1.1,,8.191039875000001,0.001638207975,0.042240152,0.00186508899,0.018128575,33244,33130.0,33111.0,33163.25,0.0,0.6209316975132735,0.2789693133755287,14755104.0,0.0,inf,inf
K2000,WK2000_1,128,200,gemm-int8,50,2000,1999000.0,0.0,33337.0,1.1,,9.754000000000001,0.0019508,0.07317027100000001,0.0020556004649999998,0.04914983,33231,33141.0,33113.75,33169.25,0.0,0.5879353271140175,0.3179650238473768,16061152.0,0.0,inf,inf
K2000,WK2000_1,128,200,gemm-tf32,50,2000,1999000.0,0.0,33337.0,1.1,,16.861439949999998,0.0033722879900000002,0.0375104675,0.003661809425,0.011273793,33231,33141.0,33113.75,33169.25,0.0,0.5879353271140175,0.3179650238473768,24291104.0,0.0,inf,inf
K2000,WK2000_1,128,200,public-matched,50,2000,1999000.0,3998000.0,33337.0,1.1,,227.6750725,0.0455350145,0.0519055865,0.0455445985,0.000905636014,32917,32804.0,32758.5,32844.0,0.0,1.598824129345772,1.259861415244323,,0.0,inf,inf
K2000,WK2000_1,128,400,bit,50,2000,1999000.0,0.0,33337.0,1.1,,9.095799925000001,0.00363831997,0.0451432205,0.0037266084449999997,0.029146575,33282,33227.5,33217.25,33244.0,0.0,0.3284638689744128,0.1649818519962804,2618112.0,0.0,inf,inf
K2000,WK2000_1,128,400,gemm-fp16,50,2000,1999000.0,0.0,33337.0,1.1,,8.026880025,0.00321075201,0.045277718,0.00343772903,0.0180543025,33275,33235.5,33216.0,33244.5,0.0,0.3044665086840448,0.18597954225035246,14755904.0,0.0,inf,inf
K2000,WK2000_1,128,400,gemm-int8,50,2000,1999000.0,0.0,33337.0,1.1,,9.7044,0.00388176,0.0764981575,0.00398382458,0.049135734,33282,33227.5,33217.25,33244.0,0.0,0.3284638689744128,0.1649818519962804,16061952.0,0.0,inf,inf
K2000,WK2000_1,128,400,gemm-tf32,50,2000,1999000.0,0.0,33337.0,1.1,,16.8500399625,0.006740015985,0.0430825235,0.007029696955,0.011266353,33282,33227.5,33217.25,33244.0,0.0,0.3284638689744128,0.1649818519962804,24291904.0,0.0,inf,inf
K2000,WK2000_1,128,400,public-matched,50,2000,1999000.0,3998000.0,33337.0,1.1,,207.0217425,0.08280869699999999,0.089071204,0.08281839299999999,0.0008723240025,33217,33095.0,33051.75,33137.0,0.0,0.7259201487836338,0.3599604043555209,,0.0,inf,inf
K2000,WK2000_1,128,800,bit,50,2000,1999000.0,0.0,33337.0,1.1,,9.06326025625,0.007250608205,0.048827141000000004,0.007337776024999999,0.029226270999999998,33335,33270.5,33258.5,33283.5,0.0,0.1994780574136845,0.0059993400725920154,2619712.0,0.0,inf,inf
K2000,WK2000_1,128,800,gemm-fp16,50,2000,1999000.0,0.0,33337.0,1.1,,7.610580025,0.00608846402,0.052003603,0.00631444895,0.018061230999999997,33337,33268.0,33255.25,33288.5,1.0,0.2069772325044245,0.0,14757504.0,0.02,1.38816979656,11.856821484000001
K2000,WK2000_1,128,800,gemm-int8,50,2000,1999000.0,0.0,33337.0,1.1,,9.449619949999999,0.00755969596,0.083452204,0.007663088365,0.049297063,33335,33270.5,33258.5,33283.5,0.0,0.1994780574136845,0.0059993400725920154,16063552.0,0.0,inf,inf
K2000,WK2000_1,128,800,gemm-tf32,50,2000,1999000.0,0.0,33337.0,1.1,,16.169179624999998,0.0129353437,0.053799482499999995,0.0132271212,0.011293729,33335,33270.5,33258.5,33283.5,0.0,0.1994780574136845,0.0059993400725920154,24293504.0,0.0,inf,inf
K2000,WK2000_1,128,800,public-matched,50,2000,1999000.0,3998000.0,33337.0,1.1,,191.445635,0.15315650800000002,0.1593691425,0.153165372,0.000880739506,33261,33218.5,33207.75,33238.0,0.0,0.3554608993010769,0.22797492275849657,,0.0,inf,inf
K2000,WK2000_1,128,1600,bit,50,2000,1999000.0,0.0,33337.0,1.1,,9.0797198125,0.0145275517,0.0561226605,0.01461473595,0.029226047499999998,33336,33296.0,33288.75,33308.0,0.0,0.12298647148813631,0.0029996700362960077,2622912.0,0.0,inf,inf
K2000,WK2000_1,128,1600,gemm-fp16,50,2000,1999000.0,0.0,33337.0,1.1,,7.510910031250001,0.01201745605,0.065172588,0.01224376115,0.018160432,33337,33296.0,33285.0,33308.0,3.0,0.12298647148813631,0.0,14760704.0,0.06,0.90130920375,4.8879441
K2000,WK2000_1,128,1600,gemm-int8,50,2000,1999000.0,0.0,33337.0,1.1,,9.39874975,0.015037999600000001,0.0971342955,0.01514276815,0.049363351,33336,33296.0,33288.75,33308.0,0.0,0.12298647148813631,0.0029996700362960077,16066752.0,0.0,inf,inf
K2000,WK2000_1,128,1600,gemm-tf32,50,2000,1999000.0,0.0,33337.0,1.1,,16.134700187500002,0.0258155203,0.0760410675,0.02610820915,0.0113399055,33336,33296.0,33288.75,33308.0,0.0,0.12298647148813631,0.0029996700362960077,24296704.0,0.0,inf,inf
K2000,WK2000_1,128,1600,public-matched,50,2000,1999000.0,3998000.0,33337.0,1.1,,168.17352312499997,0.269077637,0.2756414735,0.269085573,0.000861507986,33311,33266.0,33256.25,33272.25,0.0,0.21297657257701655,0.0779914209436962,,0.0,inf,inf
K2000,WK2000_1,128,3200,bit,50,2000,1999000.0,0.0,33337.0,1.1,,9.064905046875,0.029007696149999998,0.070659012,0.029095825,0.029259727,33337,33308.0,33303.0,33335.0,8.0,0.08699043105258421,0.0,2629312.0,0.16,0.7832077960499999,1.9077933239999998
K2000,WK2000_1,128,3200,gemm-fp16,50,2000,1999000.0,0.0,33337.0,1.1,,7.466945046875,0.023894224149999997,0.0918784005,0.02412401715,0.018014606500000002,33337,33308.0,33304.0,33335.0,10.0,0.08699043105258421,0.0,14767104.0,0.2,0.50177870715,1.9294464105
K2000,WK2000_1,128,3200,gemm-int8,50,2000,1999000.0,0.0,33337.0,1.1,,8.98854525,0.0287633448,0.12392374,0.028869792800000002,0.0493808075,33337,33308.0,33303.0,33335.0,8.0,0.08699043105258421,0.0,16073152.0,0.16,0.7766103096,3.34594098
K2000,WK2000_1,128,3200,gemm-tf32,50,2000,1999000.0,0.0,33337.0,1.1,,16.146790390625,0.051669729250000004,0.120950159,0.05196312125,0.0113664015,33337,33308.0,33303.0,33335.0,8.0,0.08699043105258421,0.0,24303104.0,0.16,1.3950826897500002,3.265654293
K2000,WK2000_1,128,3200,public-matched,50,2000,1999000.0,3998000.0,33337.0,1.1,,168.11933281249998,0.537981865,0.5443227095000001,0.5379915930000001,0.000867859999,33335,33294.0,33280.5,33298.75,0.0,0.1289858115607283,0.0059993400725920154,,0.0,inf,inf
K2000,WK2000_1,512,200,auto,50,2000,1999000.0,0.0,33337.0,1.1,bit,30.24224045,0.00604844809,0.05684669,0.00619500842,0.0373667185,33234,33177.5,33161.0,33192.75,0.0,0.4784473707892132,0.30896601373848875,8954848.0,0.0,inf,inf
K2000,WK2000_1,512,200,bit,50,2000,1999000.0,0.0,33337.0,1.1,,30.239919425000004,0.006047983885,0.056703568999999995,0.006194432005,0.037285822499999996,33234,33177.5,33161.0,33192.75,0.0,0.4784473707892132,0.30896601373848875,8954848.0,0.0,inf,inf
K2000,WK2000_1,512,200,block,50,2000,1999000.0,0.0,33337.0,1.1,,774.7919850000001,0.15495839700000003,0.19031071700000002,0.1557594725,0.019464819,33234,33177.5,33161.0,33192.75,0.0,0.4784473707892132,0.30896601373848875,24192800.0,0.0,inf,inf
K2000,WK2000_1,512,200,block-fp16,50,2000,1999000.0,0.0,33337.0,1.1,,650.0323475,0.1300064695,0.179243486,0.1307180245,0.032889484,33234,33177.0,33161.0,33191.75,0.0,0.47994720580736117,0.30896601373848875,12096800.0,0.0,inf,inf
K2000,WK2000_1,512,200,cluster,50,2000,1999000.0,0.0,33337.0,1.1,,2089.2726125,0.4178545225,0.45325140799999997,0.41865500600000005,0.0193439705,33234,33177.5,33161.0,33192.75,0.0,0.4784473707892132,0.30896601373848875,24192800.0,0.0,inf,inf
K2000,WK2000_1,512,200,cluster-fp16,50,2000,1999000.0,0.0,33337.0,1.1,,3378.3358774999997,0.6756671755,0.724950712,0.6763825569999999,0.032779148,33234,33177.0,33161.0,33191.75,0.0,0.47994720580736117,0.30896601373848875,12096800.0,0.0,inf,inf
K2000,WK2000_1,512,200,csr-block,50,2000,1999000.0,3998000.0,33337.0,1.1,,12753.660275000002,2.550732055,2.5705881550000003,2.5519770250000002,0.012441957,33268,33177.5,33160.0,33206.25,0.0,0.4784473707892132,0.2069772325044245,41212900.0,0.0,inf,inf
K2000,WK2000_1,512,200,csr-cluster,50,2000,1999000.0,3998000.0,33337.0,1.1,,9790.995175,1.958199035,1.97807405,1.95943946,0.012245924,33268,33177.5,33160.0,33206.25,0.0,0.4784473707892132,0.2069772325044245,41212900.0,0.0,inf,inf
K2000,WK2000_1,512,200,csr-row,50,2000,1999000.0,3998000.0,33337.0,1.1,,1309.6659075000002,0.2619331815,0.2822309445,0.263176819,0.012551877,33268,33177.5,33160.0,33206.25,0.0,0.4784473707892132,0.2069772325044245,42236900.0,0.0,inf,inf
K2000,WK2000_1,512,200,gemm-fp16,50,2000,1999000.0,0.0,33337.0,1.1,,13.097279675,0.002619455935,0.060613875,0.003335730975,0.033059725,33268,33178.5,33159.75,33206.25,0.0,0.4754477007529172,0.2069772325044245,22435104.0,0.0,inf,inf
K2000,WK2000_1,512,200,gemm-fp32,50,2000,1999000.0,0.0,33337.0,1.1,,112.40512375,0.022481024750000002,0.066373868,0.023284579899999998,0.019519907000000003,33234,33177.5,33161.0,33192.75,0.0,0.4784473707892132,0.30896601373848875,36579104.0,0.0,inf,inf
K2000,WK2000_1,512,200,gemm-int8,50,2000,1999000.0,0.0,33337.0,1.1,,16.91752015,0.0033835040299999997,0.0840931435,0.003528160015,0.0569325315,33234,33177.5,33161.0,33192.75,0.0,0.4784473707892132,0.30896601373848875,22011104.0,0.0,inf,inf
K2000,WK2000_1,512,200,gemm-tf32,50,2000,1999000.0,0.0,33337.0,1.1,,27.889999149999998,0.0055779998299999994,0.049723748,0.006381266945,0.019433266999999997,33234,33177.5,33161.0,33192.75,0.0,0.4784473707892132,0.30896601373848875,36579104.0,0.0,inf,inf
K2000,WK2000_1,512,200,global-sync,50,2000,1999000.0,0.0,33337.0,1.1,,9130.735775000001,1.8261471550000001,1.8623045,1.8269510549999999,0.019752963999999998,33234,33177.5,33161.0,33192.75,0.0,0.4784473707892132,0.30896601373848875,28288800.0,0.0,inf,inf
K2000,WK2000_1,512,200,global-sync-fp16,50,2000,1999000.0,0.0,33337.0,1.1,,9349.491575,1.869898315,1.92011811,1.8706235150000001,0.0334131025,33268,33178.5,33159.75,33206.25,0.0,0.4754477007529172,0.2069772325044245,14144800.0,0.0,inf,inf
K2000,WK2000_1,512,200,public-matched,50,2000,1999000.0,3998000.0,33337.0,1.1,,177.5502,0.03551004,0.048457615,0.035518808,0.0008550429995,33087,32916.5,32875.25,32951.0,0.0,1.2613612502624711,0.7499175090740018,,0.0,inf,inf
K2000,WK2000_1,512,400,auto,50,2000,1999000.0,0.0,33337.0,1.1,bit,30.146480875,0.01205859235,0.061898808,0.01220315295,0.036630140500000005,33282,33252.0,33243.25,33262.0,0.0,0.25497195308516063,0.1649818519962804,8955648.0,0.0,inf,inf
K2000,WK2000_1,512,400,bit,50,2000,1999000.0,0.0,33337.0,1.1,,30.150239499999998,0.0120600958,0.061776183,0.0122046252,0.036519084,33282,33252.0,33243.25,33262.0,0.0,0.25497195308516063,0.1649818519962804,8955648.0,0.0,inf,inf
K2000,WK2000_1,512,400,block,50,2000,1999000.0,0.0,33337.0,1.1,,774.4734962500002,0.3097893985,0.3451334415,0.31058762549999996,0.019440898999999998,33282,33252.0,33243.25,33262.0,0.0,0.25497195308516063,0.1649818519962804,24193600.0,0.0,inf,inf
K2000,WK2000_1,512,400,block-fp16,50,2000,1999000.0,0.0,33337.0,1.1,,650.4879762500001,0.2601951905,0.309440838,0.2609090595,0.032943596500000005,33282,33252.0,33243.25,33262.0,0.0,0.25497195308516063,0.1649818519962804,12097600.0,0.0,inf,inf
K2000,WK2000_1,512,400,cluster,50,2000,1999000.0,0.0,33337.0,1.1,,2089.70008875,0.8358800355,0.871145929,0.8366833665,0.019220034,33282,33252.0,33243.25,33262.0,0.0,0.25497195308516063,0.1649818519962804,24193600.0,0.0,inf,inf
K2000,WK2000_1,512,400,cluster-fp16,50,2000,1999000.0,0.0,33337.0,1.1,,3376.6278125,1.350651125,1.400434835,1.35136978,0.033110973,33282,33252.0,33243.25,33262.0,0.0,0.25497195308516063,0.1649818519962804,12097600.0,0.0,inf,inf
K2000,WK2000_1,512,400,csr-block,50,2000,1999000.0,3998000.0,33337.0,1.1,,12732.777712500001,5.093111085,5.1124515,5.094359165,0.012225492000000001,33284,33250.0,33240.25,33264.75,0.0,0.26097129315775264,0.1589825119236884,41213700.0,0.0,inf,inf
K2000,WK2000_1,512,400,csr-cluster,50,2000,1999000.0,3998000.0,33337.0,1.1,,9801.835025,3.9207340100000003,3.940146305,3.921980605,0.01220218,33284,33250.0,33240.25,33264.75,0.0,0.26097129315775264,0.1589825119236884,41213700.0,0.0,inf,inf
K2000,WK2000_1,512,400,csr-row,50,2000,1999000.0,3998000.0,33337.0,1.1,,1305.61287,0.522245148,0.5421560915,0.523491585,0.0123109165,33284,33250.0,33240.25,33264.75,0.0,0.26097129315775264,0.1589825119236884,42237700.0,0.0,inf,inf
K2000,WK2000_1,512,400,gemm-fp16,50,2000,1999000.0,0.0,33337.0,1.1,,12.8840798125,0.005153631925,0.06464371499999999,0.005867922895,0.032919724,33279,33250.0,33241.75,33258.5,0.0,0.26097129315775264,0.17398086210516842,22435904.0,0.0,inf,inf
K2000,WK2000_1,512,400,gemm-fp32,50,2000,1999000.0,0.0,33337.0,1.1,,115.286841375,0.04611473655,0.091995016,0.04688648355,0.019540963,33282,33252.0,33243.25,33262.0,0.0,0.25497195308516063,0.1649818519962804,36579904.0,0.0,inf,inf
K2000,WK2000_1,512,400,gemm-int8,50,2000,1999000.0,0.0,33337.0,1.1,,16.3363999125,0.006534559965000001,0.089420557,0.006679856465,0.0569570425,33282,33252.0,33243.25,33262.0,0.0,0.25497195308516063,0.1649818519962804,22011904.0,0.0,inf,inf
K2000,WK2000_1,512,400,gemm-tf32,50,2000,1999000.0,0.0,33337.0,1.1,,27.34027975,0.0109361119,0.057530373,0.0117368354,0.019514531,33282,33252.0,33243.25,33262.0,0.0,0.25497195308516063,0.1649818519962804,36579904.0,0.0,inf,inf
K2000,WK2000_1,512,400,global-sync,50,2000,1999000.0,0.0,33337.0,1.1,,9163.3355625,3.6653342249999996,3.7016118249999996,3.666144955,0.019686836,33282,33252.0,33243.25,33262.0,0.0,0.25497195308516063,0.1649818519962804,28289600.0,0.0,inf,inf
K2000,WK2000_1,512,400,global-sync-fp16,50,2000,1999000.0,0.0,33337.0,1.1,,9535.671075,3.8142684300000003,3.864465575,3.81500394,0.0334982865,33279,33250.0,33241.75,33258.5,0.0,0.26097129315775264,0.17398086210516842,14145600.0,0.0,inf,inf
K2000,WK2000_1,512,400,public-matched,50,2000,1999000.0,3998000.0,33337.0,1.1,,188.2240425,0.075289617,0.08818458400000001,0.075298593,0.0008651549945,33222,33131.0,33117.5,33166.5,0.0,0.6179320274769775,0.34496205417404086,,0.0,inf,inf
K2000,WK2000_1,512,800,auto,50,2000,1999000.0,0.0,33337.0,1.1,bit,30.139619125,0.0241116953,0.0738402025,0.02425588805,0.036555372,33337,33290.5,33278.0,33296.0,1.0,0.13948465668776436,0.0,8957248.0,0.02,5.4974665283999995,16.83556617
K2000,WK2000_1,512,800,bit,50,2000,1999000.0,0.0,33337.0,1.1,,30.10303975,0.024082431799999998,0.07385892250000001,0.0242268486,0.0365722995,33337,33290.5,33278.0,33296.0,1.0,0.13948465668776436,0.0,8957248.0,0.02,5.490794450399999,16.839834330000002
K2000,WK2000_1,512,800,block,50,2000,1999000.0,0.0,33337.0,1.1,,769.2592625,0.61540741,0.6507275404999999,0.6162093335000001,0.0192792815,33337,33290.5,33278.0,33296.0,1.0,0.13948465668776436,0.0,24195200.0,0.02,140.31288948,148.36587923399998
K2000,WK2000_1,512,800,block-fp16,50,2000,1999000.0,0.0,33337.0,1.1,,650.449676875,0.5203597415000001,0.569478156,0.521072779,0.032863723,33337,33293.5,33278.5,33296.75,1.0,0.13048564657887632,0.0,12099200.0,0.02,118.64202106200003,129.84101956799998
K2000,WK2000_1,512,800,cluster,50,2000,1999000.0,0.0,33337.0,1.1,,2087.44720625,1.669957765,1.70560985,1.67075713,0.019440578,33337,33290.5,33278.0,33296.0,1.0,0.13948465668776436,0.0,24195200.0,0.02,380.75037041999997,388.87904580000003
K2000,WK2000_1,512,800,cluster-fp16,50,2000,1999000.0,0.0,33337.0,1.1,,3376.13418125,2.700907345,2.750967045,2.701625955,0.033277628000000004,33337,33293.5,33278.5,33296.75,1.0,0.13048564657887632,0.0,12099200.0,0.02,615.8068746600001,627.22048626
K2000,WK2000_1,512,800,csr-block,50,2000,1999000.0,3998000.0,33337.0,1.1,,12730.307562499998,10.184246049999999,10.2049014,10.1855024,0.012264388000000001,33337,33290.5,33283.0,33296.0,1.0,0.13948465668776433,0.0,41215300.0,0.02,2322.0080993999995,2326.7175192
K2000,WK2000_1,512,800,csr-cluster,50,2000,1999000.0,3998000.0,33337.0,1.1,,9789.49249375,7.831593995,7.85115206,7.83283768,0.012207299,33337,33290.5,33283.0,33296.0,1.0,0.13948465668776433,0.0,41215300.0,0.02,1785.6034308600001,1790.06266968
K2000,WK2000_1,512,800,csr-row,50,2000,1999000.0,3998000.0,33337.0,1.1,,1304.79049375,1.043832395,1.06342858,1.04508712,0.012307669,33337,33290.5,33283.0,33296.0,1.0,0.13948465668776433,0.0,42239300.0,0.02,237.99378606,242.46171624000002
K2000,WK2000_1,512,800,gemm-fp16,50,2000,1999000.0,0.0,33337.0,1.1,,12.5641399375,0.010051311949999999,0.073702533,0.01076558695,0.033204107499999996,33335,33291.0,33285.25,33298.75,0.0,0.13798482166961634,0.0059993400725920154,22437504.0,0.0,inf,inf
K2000,WK2000_1,512,800,gemm-fp32,50,2000,1999000.0,0.0,33337.0,1.1,,111.61431787500001,0.0892914543,0.1389909085,0.09009355329999999,0.019522658999999998,33337,33290.5,33278.0,33296.0,1.0,0.13948465668776436,0.0,36581504.0,0.02,20.3584515804,31.689927138
K2000,WK2000_1,512,800,gemm-int8,50,2000,1999000.0,0.0,33337.0,1.1,,15.9647804375,0.012771824349999999,0.100755483,0.01291616085,0.057292707,33337,33290.5,33278.0,33296.0,1.0,0.13948465668776436,0.0,22013504.0,0.02,2.9119759517999997,22.972250124000002
K2000,WK2000_1,512,800,gemm-tf32,50,2000,1999000.0,0.0,33337.0,1.1,,27.40409975,0.0219232798,0.0726405,0.0227233789,0.019355362,33337,33290.5,33278.0,33296.0,1.0,0.13948465668776436,0.0,36581504.0,0.02,4.9985077944,16.562034
K2000,WK2000_1,512,800,global-sync,50,2000,1999000.0,0.0,33337.0,1.1,,9199.4302375,7.35954419,7.3964351399999995,7.3603456650000005,0.0201558775,33337,33290.5,33278.0,33296.0,1.0,0.13948465668776436,0.0,28291200.0,0.02,1677.97607532,1686.3872119199998
K2000,WK2000_1,512,800,global-sync-fp16,50,2000,1999000.0,0.0,33337.0,1.1,,9531.395874999998,7.6251166999999995,7.67533141,7.6258469600000005,0.033462428,33335,33291.0,33285.25,33298.75,0.0,0.13798482166961634,0.0059993400725920154,14147200.0,0.0,inf,inf
K2000,WK2000_1,512,800,public-matched,50,2000,1999000.0,3998000.0,33337.0,1.1,,168.18670437500003,0.13454936350000002,0.14731020150000002,0.1345588995,0.000857267507,33278,33243.5,33236.0,33255.75,0.0,0.2804691483936767,0.17698053214146445,,0.0,inf,inf
K2000,WK2000_1,512,1600,auto,50,2000,1999000.0,0.0,33337.0,1.1,bit,30.096510656250004,0.04815441705,0.09790869799999999,0.048298496149999995,0.036611402,33337,33311.0,33304.25,33335.0,11.0,0.0779914209436962,0.0,8960448.0,0.22,0.9149339239500001,1.8602652619999998
K2000,WK2000_1,512,1600,bit,50,2000,1999000.0,0.0,33337.0,1.1,,30.114550593749996,0.04818328095,0.0980413545,0.04832745585,0.036707194,33337,33311.0,33304.25,33335.0,11.0,0.0779914209436962,0.0,8960448.0,0.22,0.9154823380499999,1.8627857355
K2000,WK2000_1,512,1600,block,50,2000,1999000.0,0.0,33337.0,1.1,,771.2926500000001,1.23406824,1.269847375,1.234885905,0.019419330999999998,33337,33311.0,33304.25,33335.0,11.0,0.0779914209436962,0.0,24198400.0,0.22,23.44729656,24.127100125
K2000,WK2000_1,512,1600,block-fp16,50,2000,1999000.0,0.0,33337.0,1.1,,650.37391875,1.04059827,1.0901440999999998,1.04131379,0.0329206195,33337,33311.0,33304.25,33335.0,11.0,0.0779914209436962,0.0,12102400.0,0.22,19.77136713,20.712737899999997
K2000,WK2000_1,512,1600,cluster,50,2000,1999000.0,0.0,33337.0,1.1,,2090.28564375,3.34445703,3.3800000299999997,3.345266095,0.019168258,33337,33311.0,33304.25,33335.0,11.0,0.0779914209436962,0.0,24198400.0,0.22,63.544683570000004,64.22000057
K2000,WK2000_1,512,1600,cluster-fp16,50,2000,1999000.0,0.0,33337.0,1.1,,3375.55770625,5.40089233,5.451068065,5.40161477,0.033271485,33337,33311.0,33304.25,33335.0,11.0,0.0779914209436962,0.0,12102400.0,0.22,102.61695427,103.57029323500001
K2000,WK2000_1,512,1600,csr-block,50,2000,1999000.0,3998000.0,33337.0,1.1,,12715.02196875,20.34403515,20.364129900000002,20.345292399999998,0.01232706,33337,33309.5,33304.0,33335.0,10.0,0.0824909259981402,0.0,41218500.0,0.2,427.22473815,427.64672790000003
K2000,WK2000_1,512,1600,csr-cluster,50,2000,1999000.0,3998000.0,33337.0,1.1,,9802.8149375,15.6845039,15.704582550000001,15.685765100000001,0.012269396,33337,33309.5,33304.0,33335.0,10.0,0.0824909259981402,0.0,41218500.0,0.2,329.3745819,329.79623355
K2000,WK2000_1,512,1600,csr-row,50,2000,1999000.0,3998000.0,33337.0,1.1,,1299.4966906250002,2.079194705,2.098379805,2.080445555,0.012265091499999999,33337,33309.5,33304.0,33335.0,10.0,0.0824909259981402,0.0,42242500.0,0.2,43.663088805,44.065975905
K2000,WK2000_1,512,1600,gemm-fp16,50,2000,1999000.0,0.0,33337.0,1.1,,12.49342978125,0.01998948765,0.0907458745,0.020702819150000003,0.033143021,33337,33309.5,33305.0,33335.0,7.0,0.0824909259981402,0.0,22440704.0,0.14,0.61967411715,2.8131221095
K2000,WK2000_1,512,1600,gemm-fp32,50,2000,1999000.0,0.0,33337.0,1.1,,110.77053062499999,0.177232849,0.23416504249999998,0.1780335405,0.019360306,33337,33311.0,33304.25,33335.0,11.0,0.0779914209436962,0.0,36584704.0,0.22,3.367424131,4.449135807499999
K2000,WK2000_1,512,1600,gemm-int8,50,2000,1999000.0,0.0,33337.0,1.1,,15.969210281250001,0.02555073645,0.123789678,0.025695408949999998,0.057661332999999995,33337,33311.0,33304.25,33335.0,11.0,0.0779914209436962,0.0,22016704.0,0.22,0.48546399255,2.352003882
K2000,WK2000_1,512,1600,gemm-tf32,50,2000,1999000.0,0.0,33337.0,1.1,,27.325769656250003,0.04372123145,0.10358405600000001,0.044526994449999996,0.0194252025,33337,33311.0,33304.25,33335.0,11.0,0.0779914209436962,0.0,36584704.0,0.22,0.83070339755,1.9680970640000002
K2000,WK2000_1,512,1600,global-sync,50,2000,1999000.0,0.0,33337.0,1.1,,9161.694968749998,14.65871195,14.69578335,14.6595273,0.020185366,33337,33311.0,33304.25,33335.0,11.0,0.0779914209436962,0.0,28294400.0,0.22,278.51552705,279.21988365
K2000,WK2000_1,512,1600,global-sync-fp16,50,2000,1999000.0,0.0,33337.0,1.1,,9526.871343750001,15.242994150000001,15.2939993,15.243732600000001,0.0336756955,33337,33309.5,33305.0,33335.0,7.0,0.0824909259981402,0.0,14150400.0,0.14,472.53281865,474.1139783
K2000,WK2000_1,512,1600,public-matched,50,2000,1999000.0,3998000.0,33337.0,1.1,,168.66234906249997,0.2698597585,0.2827071885,0.2698675025,0.0008600680010000001,33337,33278.5,33272.0,33288.75,1.0,0.17548069712331643,0.0,,0.02,61.528024938,64.45723897799999
K2000,WK2000_1,512,3200,auto,50,2000,1999000.0,0.0,33337.0,1.1,bit,30.109574796875002,0.09635063935,0.146129276,0.09649380835,0.036517819,33337,33337.0,33335.0,33337.0,34.0,0.0,0.0,8966848.0,0.68,0.48175319675,0.73064638
K2000,WK2000_1,512,3200,bit,50,2000,1999000.0,0.0,33337.0,1.1,,30.109560500000004,0.0963505936,0.1461371645,0.09649496075,0.036522331000000005,33337,33337.0,33335.0,33337.0,34.0,0.0,0.0,8966848.0,0.68,0.481752968,0.7306858225
K2000,WK2000_1,512,3200,block,50,2000,1999000.0,0.0,33337.0,1.1,,770.7244859375,2.466318355,2.5019967000000003,2.467121755,0.019357042499999998,33337,33337.0,33335.0,33337.0,34.0,0.0,0.0,24204800.0,0.68,12.331591775,12.5099835
K2000,WK2000_1,512,3200,csr-row,50,2000,1999000.0,3998000.0,33337.0,1.1,,1298.5696406250001,4.155422850000001,4.175573655,4.156674185,0.012395314000000001,33337,33337.0,33335.0,33337.0,27.0,0.0,0.0,42248900.0,0.54,24.932537100000005,25.053441929999998
K2000,WK2000_1,512,3200,gemm-fp16,50,2000,1999000.0,0.0,33337.0,1.1,,12.431254984375,0.03978001595,0.12645607650000001,0.04049909095,0.033251550000000005,33337,33337.0,33335.0,33337.0,31.0,0.0,0.0,22447104.0,0.62,0.19890007975,0.6322803825000001
K2000,WK2000_1,512,3200,gemm-fp32,50,2000,1999000.0,0.0,33337.0,1.1,,112.43451109375,0.3597904355,0.433795215,0.360589783,0.019716756000000002,33337,33337.0,33335.0,33337.0,34.0,0.0,0.0,36591104.0,0.68,1.7989521775,2.1689760750000002
K2000,WK2000_1,512,3200,gemm-int8,50,2000,1999000.0,0.0,33337.0,1.1,,16.00272,0.051208704,0.1682718875,0.051359329,0.057505862000000005,33337,33337.0,33335.0,33337.0,34.0,0.0,0.0,22023104.0,0.68,0.25604352,0.8413594375
K2000,WK2000_1,512,3200,gemm-tf32,50,2000,1999000.0,0.0,33337.0,1.1,,26.723320484375,0.08551462555,0.16571814899999998,0.08631658115,0.019663652,33337,33337.0,33335.0,33337.0,34.0,0.0,0.0,36591104.0,0.68,0.42757312775,0.8285907449999999
K2000,WK2000_1,512,3200,public-matched,50,2000,1999000.0,3998000.0,33337.0,1.1,,169.51065484375,0.5424340955,0.5551325655,0.5424427355,0.0008602435045000001,33337,33308.0,33299.0,33332.75,9.0,0.08699043105258421,0.0,,0.18,13.018418292,13.323181572
